target,version,patch,code,state,class
# ALBERTA ----------------------------------------------------------------------------------------
Cardston,1.45,,ab_cardston,alberta,city
Lethbridge,1.44,,lethbridg,alberta,city

# ARIZONA ----------------------------------------------------------------------------------------
target,version,patch,code,state,class
Ash Fork,1.43,,az_ashfork,arizona,city
Bitter Springs,1.43,,az_bitterspr,arizona,city
Cameron,1.43,,az_cameron,arizona,city
Camp Verde,1.43,,az_campverde,arizona,city
Chinle,1.43,,az_chinle,arizona,city
Clifton,1.43,,az_clifton,arizona,city
Colorado City,1.43,,az_coloradoc,arizona,city
Desert View,1.58,0.305,az_desertvw,arizona,city
Ehrenberg,1.43,,az_ehrenberg,arizona,city
Flagstaff,1.43,,az_flagstaff,arizona,city
Fredonia,1.43,,az_fredonia,arizona,city
Fort Huachuca,1.43,,az_fthuachuc,arizona,city
Ganado,1.57,0.46,az_ganado,arizona,city
Gila,1.43,,az_gila,arizona,city
Globe,1.43,,az_globe,arizona,city
Grand Canyon East Entrance,1.57,0.46,az_gndcynest,arizona,city
Grand Canyon South Entrance,1.57,0.46,az_gndcynsth,arizona,city
Grand Canyon,1.43,,az_grandcany,arizona,city
Hackberry,1.57,0.46,az_hackberry,arizona,city
Holbrook,1.43,,az_holbrook,arizona,city
Kaibeto,1.57,0.46,az_kaibeto,arizona,city
Kayenta,1.43,,az_kayenta,arizona,city
Kingman,1.43,,az_kingman,arizona,city
Lake Havasu City,1.57,0.46,az_lakehavas,arizona,city
Lake Powell,1.43,,az_lakepowel,arizona,city
Many Farms,1.57,0.46,az_manyfarms,arizona,city
Mexican Water,1.43,,az_mexicanwa,arizona,city
Morenci,1.43,,az_morenci,arizona,city
Nogales,1.43,,az_nogales,arizona,city
Page,1.43,,az_page,arizona,city
Parker,1.57,0.46,az_parker,arizona,city
Peach Springs,1.43,,az_peachspgs,arizona,city
Petrified Forest Nat. Park,1.57,0.46,az_petrified,arizona,city
Phoenix,1.43,,az_phoenix az_phoenix93,arizona,city
Prescott,1.43,,az_prescott,arizona,city
Proving Ground,1.43,,az_provinggn,arizona,city
Quartzsite,1.43,,az_quartzsit,arizona,city
Round Rock,1.57,0.46,az_rndrock,arizona,city
Sanders,1.57,0.46,az_sanders,arizona,city
San Simon,1.43,,az_sansimon,arizona,city
Seligman,1.43,,az_seligman,arizona,city
Show Low,1.43,,az_showlow,arizona,city
Sierra Vista,1.43,,az_sierravis,arizona,city
Springerville,1.43,,az_springerv,arizona,city
St. Johns,1.43,,az_stjohns,arizona,city
Teec Nos Pos,1.43,,az_teecnospo,arizona,city
Tuba City,1.57,0.46,az_tubacity,arizona,city
Tucson,1.43,,az_tucson77,arizona,city
Tucson,1.43,,az_tucsoni10,arizona,city
Tusayan,1.57,0.46,az_tusayan,arizona,city
Twin Arrows,1.57,0.46,az_twinarr,arizona,city
Valle,1.43,,az_valle,arizona,city
Wickenburg,1.43,,az_wickenbur,arizona,city
Winslow,1.57,0.46,az_winslow,arizona,city
Yuma,1.43,,az_yuma,arizona,city

Four Corners,1.43,,azconmut4c,arizona,border
Hoover Dam,1.43,,az_nv_hoover,arizona,border
I-10,1.45,,aznmi10sl,arizona,border
I-15,1.43,,az_nv_i15_sl,arizona,border
I-15,1.43,,az_ut_i15_sl,arizona,border
I-19,1.43,,mx_mexicoi19,arizona,border
US-163,1.57,0.46,azut_sl163,arizona,border

I-8 @ I-10,1.43,,az_i8i10,arizona,junction
I-8 @ SR 85,1.43,,az_i8az85,arizona,junction
I-10 @ I-17,1.43,,az_i10i17,arizona,junction
I-10 @ I-19,1.43,,az_i10i19,arizona,junction
I-10 @ US-60,1.43,,az_i10us60,arizona,junction
I-10 @ SR 77,1.43,,az_i10az77,arizona,junction
I-10 @ SR 90,1.43,,az_i10az90,arizona,junction
I-10 @ SR 303,1.43,,az_i10az303,arizona,junction
I-17 @ I-40,1.43,,az_i17i40,arizona,junction
I-17 @ SR 179,1.57,0.46,az_i17x179,arizona,junction
I-17 @ SR 260,1.43,,az_i17az260,arizona,junction
I-17 @ SR 303,1.43,,az_i17az303,arizona,junction
I-40 @ US-93,1.43,,az_i40us93e,arizona,junction
I-40 @ US-180,1.43,,az_i40us180w,arizona,junction
I-40 @ US-191,1.43,,az_i40us191,arizona,junction
I-40 @ SR 89,1.43,,az_i40az89,arizona,junction
1-40 @ Needle Mt. Rd.,1.53,0.16,az_needlerd,arizona,junction
US-60 @ US-180,1.57,0.46,az_us60x180,arizona,junction
US-60 @ SR 303,1.43,,az_us60az303,arizona,junction
US-89 @ US-89A,1.57,0.46,az_us89x89a,arizona,junction
US-89 @ US-160,1.43,,az_us89us160,arizona,junction
US-93 @ SR 68,1.57,0.46,az_us93x68,arizona,junction
US-160 @ US-191,1.43,,az_us160191,arizona,junction
US-160 @ SR 98,1.43,,az_us160az98,arizona,junction
US-191 @ SR 61,1.57,0.46,az_us191x61,arizona,junction
SR 89 @ SR 260,1.43,,az_az89az260,arizona,junction

# ARKANSAS ----------------------------------------------------------------------------------------
Altheimer,1.50,0.105,ar_altheimer,arkansas,city
Ashdown,1.50,0.78,ar_ashdown,arkansas,city
Bald Knob,1.50,0.78,ar_baldknob,arkansas,city
Blytheville,1.51,0.41,ar_blythevil,arkansas,city
Boles,1.50,0.78,ar_boles,arkansas,city
Conway,1.50,0.78,ar_conway,arkansas,city
Crossett,1.51,0.41,ar_crossett,arkansas,city
Daisy,1.51,0.41,ar_daisy,arkansas,city
De Queen,1.50,0.78,ar_dequeen,arkansas,city
El Dorado,1.51,0.41,ar_eldorado,arkansas,city
Fayetteville,1.51,0.41,ar_fayette,arkansas,city
Fort Smith,1.48,0.21,ar_ftsmith,arkansas,city
Hamburg,1.51,0.41,ar_hamburg,arkansas,city
Hardy,1.51,0.41,ar_hardy,arkansas,city
Harrison,1.50,0.78,ar_harrison,arkansas,city
Henderson,1.51,0.41,ar_henderson,arkansas,city
Hot Springs,1.50,0.78,ar_hotspgs,arkansas,city
Jonesboro,1.50,0.78,ar_jonesboro,arkansas,city
Junction City,1.51,0.41,ar_la_jctcit,arkansas,city
Lake Village,1.51,0.41,ar_lakevlg,arkansas,city
Little Rock,1.50,0.78,ar_littleroc,arkansas,city
Magnolia,1.51,0.41,ar_magnolia,arkansas,city
Moro Bay,1.51,0.41,ar_morobay,arkansas,city
Pine Bluff,1.50,0.78,ar_pinebluff,arkansas,city
Prescott,1.50,0.78,ar_prescott,arkansas,city
Russellville,1.50,0.78,ar_russellv,arkansas,city
Shearerville,1.50,0.78,ar_shearervi,arkansas,city
Sheridan,1.51,0.41,ar_sheridan,arkansas,city
Siloam Springs,1.51,0.41,ar_siloamspr,arkansas,city
Springdale,1.51,0.41,ar_springdal,arkansas,city
Texarkana,1.48,0.21,artx_texarka,arkansas,city
Y City,1.51,0.41,ar_ycity,arkansas,city

US-65,1.54,0.30,armosl65,arkansas,border
US-67,1.54,0.30,armosl67,arkansas,border
US-70,1.50,0.78,ar_ok_sl70,arkansas,border
US-412,1.54,0.30,armosl412,arkansas,border

I-30 @ I-40,1.50,0.78,ar_i30xi40,arkansas,junction
I-30 @ US-70,1.51,0.41,ar_i30xus70,arkansas,junction
I-40 @ I-49,1.51,0.41,ar_i40x49,arkansas,junction
I-40 @ I-55,1.50,0.78,ar_i40xi55,arkansas,junction
I-40 @ US-67,1.50,0.78,ar_i40xus67,arkansas,junction
I-55 @ I-555,1.51,0.41,ar_i55555,arkansas,junction
I-530 @ US-65,1.50,0.78,ar_i530xus65,arkansas,junction
I-530 @ US-167,1.51,0.41,ar_i530us167,arkansas,junction
US-49 @ US-79,1.51,0.41,ar_us49x79,arkansas,junction
US-63 @ US-67,1.51,0.41,ar_us63x67,arkansas,junction
US-63 @ US-82,1.51,0.41,ar_us63x82,arkansas,junction
US-63 @ US-167,1.51,0.41,ar_us63x167,arkansas,junction
US-63 @ US-412,1.51,0.41,ar_us63x412,arkansas,junction
US-63 @ AR 7,1.57,0.46,ar_us63xla7,arkansas,junction
US-65 @ US-165,1.51,0.41,ar_us65x165,arkansas,junction
US-65 @ US-412,1.51,0.41,ar_us65x412 ar_us65x412w,arkansas,junction
US-67 @ US-412,1.51,0.44,ar_us67x412,arkansas,junction
US-70 @ US-71,1.51,0.41,ar_us70x71,arkansas,junction
US-70 @ US-270,1.51,0.41,ar_us70x270,arkansas,junction
US-79 @ AR 17,1.50,0.78,ar_us79xar17,arkansas,junction
US-167 @ AR 335,1.51,0.41,ar_167x335,arkansas,junction

# BRITISH COLUMBIA ----------------------------------------------------------------------------------------
100 Mile House,1.61,700.26,bc_100mile,britishcolumbia,city
Abbotsford,1.59,0.317,bc_abbotsfor,britishcolumbia,city
Alexis Creek,1.60,0.71,bc_alexisck,britishcolumbia,city
Bella Coola,1.60,0.71,bc_bellac,britishcolumbia,city
Burns Lake,1.59,0.317,bc_burnslk,britishcolumbia,city
Cache Creek,1.61,700.26,bc_cacheck,britishcolumbia,city
Clinton,1.61,700.26,bc_clinton,britishcolumbia,city
Cranbrook,1.59,0.317,bc_cranbrook,britishcolumbia,city
Creston,1.59,0.317,bc_creston,britishcolumbia,city
Duffey Lake,1.61,700.26,bc_duffeylk,britishcolumbia,city
Elko,1.61,700.26,bc_elko,britishcolumbia,city
Fernie,1.59,0.317,bc_fernie,britishcolumbia,city
Fraser Lake,1.59,0.317,bc_fraslake,britishcolumbia,city
Grand Forks,1.43,,bc_grandfork,britishcolumbia,city
Hagensborg,1.60,0.71,bc_hagensb,britishcolumbia,city
Hope,1.59,0.317,bc_hope,britishcolumbia,city
Houston,1.59,0.317,bc_houston,britishcolumbia,city
Kamloops,1.61,700.26,bc_kamloops,britishcolumbia,city
Kelowna,1.60,0.71,bc_kelowna,britishcolumbia,city
Kitwanga,1.59,0.317,bc_kitwanga,britishcolumbia,city
Lillooet,1.61,700.26,bc_lillooet,britishcolumbia,city
New Hazelton,1.59,0.317,bc_newhazlet,britishcolumbia,city
Nimpo Lake,1.60,0.71,bc_nimpo,britishcolumbia,city
Osoyoos,1.59,0.317,bc_osoyoos,britishcolumbia,city
Penticton,1.43,,bc_penticton,britishcolumbia,city
Prince George,1.59,0.317,bc_pgeorge,britishcolumbia,city
Princeton,1.59,0.317,bc_princeton,britishcolumbia,city
Prince Rupert,1.59,0.317,bc_prrupert,britishcolumbia,city
Salmo,1.59,0.317,bc_salmo,britishcolumbia,city
Smithers,1.59,0.317,bc_smithers,britishcolumbia,city
Squamish,1.61,700.26,bc_squamish,britishcolumbia,city
Sparwood,1.59,0.317,bc_sparwood,britishcolumbia,city
Terrace,1.59,0.317,bc_terrace,britishcolumbia,city
Vancouver,1.43,,bc_vancouver,britishcolumbia,city
Whistler,1.61,700.26,bc_whistler,britishcolumbia,city
Williams Lake,1.60,0.71,bc_williamsl,britishcolumbia,city
West Kelowna,1.60,0.71,bc_wkelowna,britishcolumbia,city

US-93,1.59,0.317,can_usa_93,britishcolumbia,border
US-95,1.44,,id_us95can,britishcolumbia,border

Hwy 97 @ Hwy 99,1.61,700.26,bc_hw97x99,britishcolumbia,junction

# CALIFORNIA ----------------------------------------------------------------------------------------
Alturas,1.43,,ca_alturas,california,city
Amboy,1.51,0.41,ca_amboy,california,city
Bakersfield,1.50,0.78,ca_bakersfld,california,city
Barstow,1.51,0.41,ca_barstow,california,city
Beaumont,1.51,0.41,ca_beaumont,california,city
Benton,1.49,0.44,ca_benton,california,city
Bishop,1.49,0.44,ca_bishop,california,city
Blythe,1.43,,ca_blythe,california,city
Borrego Springs,1.53,0.16,ca_borrego,california,city
Brawley,1.53,0.16,ca_brawley,california,city
Burney,1.43,,ca_burney,california,city
Buttonwillow,1.50,0.78,ca_buttonw,california,city
Cambria,1.50,0.78,ca_cambria,california,city
Canby,1.43,,ca_canby,california,city
Carlsbad,1.51,0.41,ca_carlsbad,california,city
Carmel,1.50,0.78,ca_carmel,california,city
Castaic,1.51,0.67,ca_castaic,california,city
California Valley,1.50,0.78,ca_cavalley,california,city
Corning,1.43,,ca_corning,california,city
Crescent City,1.43,,ca_crescity,california,city
Crestwood Summit,1.53,0.16,ca_crestw,california,city
Desert Center,1.51,0.41,ca_desertctr,california,city
Desert Lake,1.51,0.53,ca_dsrtlk,california,city
El Centro,1.43,,ca_elcentro,california,city
Eureka,1.43,,ca_eureka,california,city
Five Points,1.50,0.78,ca_fivepts,california,city
Fresno,1.47,,ca_fresno,california,city
Golden Gate Bridge,1.50,0.78,ca_ggbridge,california,city
Gilroy,1.49,0.78,ca_gilroy,california,city
Hatfield,1.43,,ca_hatfield,california,city
Hiouchi,1.43,,ca_hiouchi,california,city
Hopland,1.44,,ca_hopland,california,city
Huron,1.50,0.78,ca_huron,california,city
Independence,1.49,0.44,ca_independe,california,city
Indian Wells,1.50,0.78,ca_indianwel,california,city
Indio,1.51,0.41,ca_indio,california,city
Janesville,1.43,,ca_janesvill,california,city
Kerman,1.50,0.78,ca_kerman,california,city
Lassen Park,1.43,,ca_lassenpk,california,city
Laytonville,1.43,,ca_laytonvil,california,city
Lee Vining,1.49,0.44,ca_leevining,california,city
Lone Pine,1.50,0.78,ca_lonepine,california,city
Los Angeles,1.43,,ca_losangele,california,city
Ludlow,1.51,0.41,ca_ludlow,california,city
Malibu,1.53,0.16,ca_malibu,california,city
Meyers,1.49,0.44,ca_meyers,california,city
Modesto,1.49,0.44,ca_modesto,california,city
Mojave,1.51,0.56,ca_mojave,california,city
Monterey,1.50,0.78,ca_monterey,california,city
Moss Beach,1.50,0.78,ca_mossbeach,california,city
Mount Shasta,1.43,,ca_mtshasta,california,city
Napa,1.44,,ca_napa,california,city
Needles,1.43,,ca_needles,california,city
Novato,1.44,,ca_novato,california,city
Oakland,1.44,,ca_oakland,california,city
Olancha,1.50,0.78,ca_olancha,california,city
Old Station,1.43,,ca_oldstatio,california,city
Oxnard,1.53,0.16,ca_oxnard ca_oxn101,california,city
Pacifica,1.50,0.78,ca_pacifica,california,city
Panamint Springs,1.50,0.78,ca_panamints,california,city
Pearsonville,1.50,0.78,ca_pearsonv,california,city
Petaluma,1.44,,ca_petaluma,california,city
Placerville,1.49,0.44,ca_placervil,california,city
Redding,1.43,,ca_redding,california,city
Sacramento,1.43,,ca_sacrament,california,city
Salinas,1.49,0.78,ca_salinas,california,city
San Diego,1.43,,ca_san_diego ca_sndi8i15,california,city
San Lucas,1.50,0.78,ca_san_lucas,california,city
San Bernardino,1.51,0.41,ca_sanbern,california,city
San Francisco,1.43,,ca_sanfran ca_sf101nth,california,city
San Jose,1.49,0.78,ca_sanjose1 ca_sanjose_2,california,city
San Luis Obispo,1.50,0.78,ca_sanluis,california,city
San Rafael,1.44,,ca_sanrafael,california,city
Santa Barbara,1.53,0.16,ca_santabarb,california,city
Santa Clarita,1.51,0.67,ca_santaclar,california,city
Santa Cruz,1.49,0.78,ca_santacruz,california,city
Santa Margarita,1.50,0.78,ca_santamarg,california,city
Santa Maria,1.53,0.16,ca_santamari,california,city
Santa Monica,1.53,0.16,ca_santamon,california,city
Silverfork,1.50,0.78,ca_silverfor,california,city
Sonoma,1.44,,ca_sonoma,california,city
South Lake Tahoe,1.49,0.44,ca_sthlktaho,california,city
Stockton,1.44,,ca_stockton,california,city
Susanville,1.43,,ca_susanvill,california,city
Tioga Pass,1.49,0.44,ca_tiogapass,california,city
Truckee,1.44,,ca_truckee,california,city
Ukiah,1.43,,ca_ukiah,california,city
Vallejo,1.44,,ca_vallejo,california,city
Ventura,1.51,0.67,ca_ventura,california,city
Vidal Junction,1.43,,ca_vidaljct,california,city
Watsonville,1.50,0.78,ca_watsonvil,california,city
Weaverville,1.43,,ca_weavervil,california,city
Weed,1.43,,ca_weed,california,city
Willow Creek,1.43,,ca_willowck,california,city

I-80,1.44,,canv_sl80,california,border
US-97,1.43,,ca_or_sl_97,california,border
US-101,1.43,,ca_or_sl_101,california,border
US-199,1.43,,ca_or_sl_199,california,border
US-395,1.43,,ca_or_sl_395,california,border
US-395,1.43,,ca_nv_sl395n,california,border
US-395,1.47,,ca_nv_sl395s,california,border

US-101 @ SR 58,1.50,0.78,ca_101x58,california,junction
US-395 @ SR 120,1.49,0.44,ca_395x120n ca_395x120s,california,junction
US-395 @ SR 89,1.49,0.44,ca_395x89,california,junction
US-405 @ US-101,1.53,0.16,ca_405x101,california,junction
I-5 @ I-80,1.43,,ca_i5xi80,california,junction
I-5 @ I-405,1.51,0.41,ca_i5i405,california,junction
I-5 @ I-710,1.53,0.16,ca_i5xi710,california,junction
I-5 @ US-50,1.44,,ca_i5xus50,california,junction
I-5 @ US-101,1.53,0.16,ca_i5x101,california,junction
I-5 @ SR 58,1.53,0.16,ca_i5xca58n ca_i5xca58,california,junction
I-5 @ SR 99,1.51,0.60,ca_i5xca99,california,junction
I-5 @ SR 152,1.50,0.78,ca_i5ca152,california,junction
I-5 @ SR 198,1.50,0.78,ca_i5ca198,california,junction
I-5 @ SR 269,1.50,0.78,ca_i5ca269,california,junction
I-8 @ I-15,1.51,0.41,ca_i8xi15,california,junction
I-10 @ US-95,1.43,,ca_i10us95,california,junction
I-15 @ SR 58,1.51,0.41,ca_i1558,california,junction
I-15 @ SR 76,1.51,0.41,ca_i15x76,california,junction
I-580 @ I-880,1.50,0.78,ca_i580x880,california,junction
I-880 @ US-101,1.50,0.78,ca_i880x101,california,junction
US-6 @ US-395,1.49,0.44,ca_us6x395,california,junction
US-101 @ SR 198,1.50,0.78,ca_us101c198,california,junction
US-101 @ US-199,1.43,,caus199us101,california,junction
US-101 @ SR 299,1.43,,ca_u101xc299,california,junction
US-395 @ SR 58,1.50,0.78,ca_us395ca58,california,junction
US-395 @ SR 36,1.43,,caus395xca36,california,junction
SR 36 @ SR 44,1.43,,ca_36x44,california,junction
SR 78 @ SR 86,1.53,0.16,ca_ca78x86,california,junction
SR 99 @ SR 120,1.50,0.78,ca_ca99ca120,california,junction
SR 99 @ SR 152a,1.50,0.78,ca_99x152a,california,junction
SR 136 @ SR 190,1.50,0.78,ca_136x190,california,junction

# COLORADO ----------------------------------------------------------------------------------------
Alamosa,1.43,,co_alamosa,colorado,city
Bristol,1.49,0.44,co_bristol,colorado,city
Burlington,1.43,,co_burlingto,colorado,city
Cheyenne Wells,1.43,,co_cheyennew,colorado,city
Colorado Springs,1.43,,co_colospgs,colorado,city
Cortez,1.43,,co_cortez,colorado,city
Craig,1.43,,co_craig,colorado,city
Denver,1.43,,co_denver,colorado,city
Dinosaur,1.43,,co_dinosaur,colorado,city
Divide,1.43,,co_divide,colorado,city
Durango,1.43,,co_durango,colorado,city
Eads,1.43,,co_eads,colorado,city
Eagle-Vail,1.43,,co_eaglevail,colorado,city
Estes Park,1.43,,co_estespk,colorado,city
Fairplay,1.43,,co_fairplay,colorado,city
Fort Collins,1.43,,co_ftcollins,colorado,city
Glenwood Springs,1.43,,co_glenwood,colorado,city
Granada,1.43,,co_granada,colorado,city
Granby,1.43,,co_granby,colorado,city
Grand Junction,1.43,,co_grandjct,colorado,city
Grand Lake,1.43,,co_grandlake,colorado,city
Johnson Village,1.43,,co_johnsonvi,colorado,city
Julesburg,1.43,,co_julesburg,colorado,city
Kit Carson,1.43,,co_kitcarson,colorado,city
La Junta,1.43,,co_lajunta,colorado,city
Lamar,1.43,,co_lamar,colorado,city
Las Animas,1.43,,co_lasanimas,colorado,city
Limon,1.43,,co_limon,colorado,city
Loma,1.43,,co_loma,colorado,city
Loveland,1.43,,co_loveland,colorado,city
Maybell,1.43,,co_maybell,colorado,city
Monarch Pass,1.43,,co_monarchpa,colorado,city
Monte Vista,1.43,,co_montevist,colorado,city
Montrose,1.43,,co_montrose,colorado,city
Ouray,1.43,,co_ouray,colorado,city
Pagosa Springs,1.43,,co_pagosaspg,colorado,city
Parkdale,1.43,,co_parkdale,colorado,city
Poncha Springs,1.43,,co_ponchaspg,colorado,city
Pueblo,1.43,,co_pueblo,colorado,city
Rangely,1.43,,co_rangely,colorado,city
Red Cliff,1.43,,co_redcliff,colorado,city
Saguache,1.43,,co_saguache,colorado,city
Sapinero,1.43,,co_sapinero,colorado,city
Sheridan Lake,1.43,,co_sheridanl,colorado,city
Springfield,1.43,,co_springfie,colorado,city
Steamboat Springs,1.43,,co_steamboat,colorado,city
Sterling,1.43,,co_sterling,colorado,city
Trinidad,1.43,,co_trinidad,colorado,city
Walsenburg,1.43,,co_walsenbur,colorado,city
Wiggins,1.43,,co_wiggins,colorado,city
Winter Park,1.43,,co_winterpk,colorado,city
Wray,1.43,,co_wray,colorado,city
Four Corners,1.43,,azconmut4c,colorado,city

Four Corners,1.43,,azconmut4c,colorado,border
I-25,1.47,,cowysli25,colorado,border
I-70,1.43,,co_ut_sl_i70,colorado,border
US-50 & US-400,1.49,0.44,coks_slus50,colorado,border
US-287,1.47,,cooksl287,colorado,border
CO-13 @ WY-789,1.43,,cowysl789,colorado,border

I-25 @ I-70,1.43,,co_i25xi70,colorado,junction
I-25 @ I-76,1.43,,co_i25xi76,colorado,junction
I-25 @ US-34,1.43,,co_i25xus34,colorado,junction
I-70 @ US-24,1.43,,co_i70xi24,colorado,junction
I-70 @ I-76,1.43,,co_i70xi76,colorado,junction
I-70 @ US-40,1.43,,co_i70xus40,colorado,junction
US-50 @ US-287,1.43,,co_us50xus28,colorado,junction

# IDAHO ----------------------------------------------------------------------------------------
Arco,1.43,,id_arco,idaho,city
Bellevue,1.43,,id_bellevue,idaho,city
Boise,1.43,,id_boise,idaho,city
Bonners Ferry,1.44,,id_bonnersfe,idaho,city
Bruneau,1.43,,id_bruneau,idaho,city
Cambridge,1.43,,id_cambridge,idaho,city
Carey,1.43,,id_carey,idaho,city
Challis,1.43,,id_challis,idaho,city
Coeur d'Alene,1.43,,id_coeurdale,idaho,city
Craters of the Moon,1.43,,id_craters,idaho,city
Fruitland,1.43,,id_fruitland,idaho,city
Grangeville,1.43,,id_grangevil,idaho,city
Horseshoe Bend,1.43,,id_horseshoe,idaho,city
Idaho Falls,1.43,,id_idahofall id_idahof26,idaho,city
Island Park,1.46,,id_islandpk,idaho,city
Kamiah,1.43,,id_kamiah,idaho,city
Kooskia,1.43,,id_kooskia,idaho,city
Lava Hot Springs,1.43,,id_lavasprs,idaho,city
Lewiston,1.43,,id_lewiston,idaho,city
Mackay,1.43,,id_mackay,idaho,city
McCall,1.43,,id_mccall,idaho,city
McCammon,1.43,,id_mccammon,idaho,city
Mountain Home,1.43,,id_mountainh,idaho,city
Moyie Springs,1.44,,id_moyiespr,idaho,city
Nampa,1.43,,id_nampa,idaho,city
New Meadows,1.43,,id_newmeadow,idaho,city
Pocatello,1.43,,id_pocatello,idaho,city
Salmon,1.43,,id_salmon,idaho,city
Sandpoint,1.43,,id_sandpoint,idaho,city
Shoshone,1.43,,id_shoshoni,idaho,city
Stanley,1.43,,id_stanley,idaho,city
Sun Valley,1.43,,id_sunvalley,idaho,city
Twin Falls,1.43,,id_twinfalls,idaho,city
Montpelier,1.43,,or_montpel,idaho,city
Ovid,1.43,,or_ovid,idaho,city
Payette,1.43,,or_payette,idaho,city

US-26,1.43,,id_wy_sl_26,idaho,border
US-93,1.44,,idmtus93sl,idaho,border
US-95,1.44,,id_us95can,idaho,border

I-15 @ SH-33,1.44,,id_i15id33,idaho,junction
I-84 @ I-86,1.43,,id_i84xi86,idaho,junction
US-2 @ US-95,1.44,,id_us2us95,idaho,junction

# ILLINOIS ----------------------------------------------------------------------------------------
Beardstown,1.57,0.46,il_beardstwn,illinois,city
Bloomington,1.58,0.305,il_bloomngtn,illinois,city
Cairo,1.54,0.30,il_cai,illinois,city
Carterville,1.57,0.46,il_cartervil,illinois,city
Champaign,1.57,0.46,il_champaign,illinois,city
Chenoa,1.58,0.305,il_chenoa,illinois,city
Chicago,1.57,0.46,il_chicago,illinois,city
Effingham,1.57,0.46,il_effingham,illinois,city
El Paso,1.58,0.305,il_elpaso,illinois,city
Galena,1.58,0.305,il_galena,illinois,city
Gilman,1.58,0.305,il_gilman,illinois,city
Grayville,1.57,0.46,il_grayville,illinois,city
Joliet,1.59,0.317,il_joliet,illinois,city
Little America,1.58,0.305,il_lilameric,illinois,city
Macomb,1.57,0.46,il_macomb,illinois,city
Marion,1.57,0.46,il_marion,illinois,city
Marshall,1.58,0.305,il_marshall,illinois,city
Moline-Rock Island,1.58,0.305,il_molrckisl,illinois,city
Monmouth,1.57,0.46,il_monmouth,illinois,city
Mt Vernon,1.57,0.46,il_mtvernon,illinois,city
Norris City,1.57,0.46,il_norriscty,illinois,city
Olive Branch,1.58,0.305,il_olivbrnch,illinois,city
Peoria,1.58,0.305,il_peoria,illinois,city
Quincy,1.54,0.30,il_quincy,illinois,city
Rockford,1.58,0.305,il_rockford,illinois,city
Rushville,1.57,0.46,il_rushville,illinois,city
Springfield,1.54,0.30,il_springfie,illinois,city

I-39 @ I-80,1.58,0.305,il_i80xi39,illinois,junction
I-64 @ IL 4,1.57,0.46,il_illinois4,illinois,junction
I-72 @ US-67,1.57,0.46,il_i72xus67,illinois,junction
I-74 @ I-80,1.58,0.305,il_is74,illinois,junction
I-74 @ US-34,1.58,0.305,il_i74xus34,illinois,junction
I-80 @ I-180,1.58,0.305,il_is180,illinois,junction
IL 1 @ IL 13,1.57,0.46,il_il1xil13,illinois,junction

# IOWA ----------------------------------------------------------------------------------------
Algona,1.54,0.53,ia_algona,iowa,city
Ankeny,1.55,0.90,ia_ankeny,iowa,city
Atlantic,1.54,0.30,ia_atlantic,iowa,city
Auburn,1.54,0.30,ia_auburn,iowa,city
Audubon,1.54,0.30,ia_audubon,iowa,city
Bettendorf,1.55,0.90,ia_bettendrf,iowa,city
Braddyville,1.54,0.30,ia_braddyvil,iowa,city
Burlington,1.54,0.30,ia_burlingto,iowa,city
Cedar Rapids,1.54,0.53,ia_cedrap,iowa,city
Clear Lake,1.54,0.53,ia_clearlk,iowa,city
Council Bluffs,1.54,0.30,ia_council,iowa,city
Davenport,1.54,0.102,ia_davenport,iowa,city
Des Moines,1.54,0.30,ia_desmoines,iowa,city
Dubuque,1.54,0.53,ia_dubuque,iowa,city
Dyersville,1.54,0.53,ia_dyersvill,iowa,city
Fort Dodge,1.54,0.30,ia_fortdodge,iowa,city
Glenwood,1.55,0.90,ia_glenwood,iowa,city
Iowa City,1.55,0.90,ia_iowa_city,iowa,city
Lamoni,1.55,0.90,ia_lamoni,iowa,city
Le Mars,1.54,0.60,ia_lemars,iowa,city
Manson,1.55,0.90,ia_manson,iowa,city
Mason City,1.54,0.45,ia_masoncity,iowa,city
New Sharon,1.55,0.90,ia_newshazza,iowa,city
Osceola,1.55,0.90,ia_osceola,iowa,city
Oskaloosa,1.55,0.90,ia_oskaloosa,iowa,city
Ottumwa,1.54,0.30,ia_ottumwa,iowa,city
Postville,1.54,0.45,ia_postville,iowa,city
Sheldon,1.54,0.53,ia_sheldon,iowa,city
Sioux City,1.54,0.30,ia_siouxcity,iowa,city
Spencer,1.54,0.30,ia_spencer,iowa,city
Traer,1.55,0.90,ia_traer,iowa,city
Wapello,1.55,0.90,ia_wapello,iowa,city
Waterloo,1.54,0.45,ia_waterloo,iowa,city
Welton,1.54,0.102,ia_welton,iowa,city

US-61,1.55,0.90,ia_mo_61_sl,iowa,border

I-29 @ I-680,1.54,0.34,ia_i29x680,iowa,junction
I-29 @ US-34,1.54,0.30,ia_i29xus34,iowa,junction
I-35 @ I-80 (east),1.55,0.90,ia_i35xi80e,iowa,junction
I-35 @ I-80 (west),1.54,0.30,ia_i35xi80,iowa,junction
I-35 @ US-20,1.54,0.55,ia_i35xus20,iowa,junction
I-80 @ US-71,1.54,0.30,ia_i80x71,iowa,junction
I-80 @ US-63,1.55,0.90,ia_i80xus63,iowa,junction
US-20 @ I-380,1.55,0.90,ia_us20xi380,iowa,junction
US-20 @ US-71,1.54,0.30,ia_us20x71,iowa,junction
US-34 @ US-71,1.55,0.90,ia_us34x71,iowa,junction
US-34 @ US-218,1.55,0.90,ia_us34x218,iowa,junction

# KANSAS ----------------------------------------------------------------------------------------
Ashland,1.49,0.44,ks_ashland,kansas,city
Belleville,1.49,0.44,ks_bellevill,kansas,city
Colby,1.49,0.44,ks_colby,kansas,city
Cunningham,1.49,0.44,ks_cunningha,kansas,city
Dodge City,1.49,0.44,ks_dodgecity,kansas,city
El Dorado,1.49,0.44,ks_eldorado,kansas,city
Emporia,1.49,0.44,ks_emporia ks_emporia35,kansas,city
Fairview,1.49,0.44,ks_fairview,kansas,city
Fort Scott,1.49,0.44,ks_ftscott,kansas,city
Galena,1.49,0.44,ks_galena,kansas,city
Garden City,1.48,0.24,ks_gardencit,kansas,city
Greensburg,1.49,0.44,ks_greensbur,kansas,city
Hays,1.49,0.44,ks_hays,kansas,city
Hutchinson,1.49,0.44,ks_hutchinso,kansas,city
Junction City,1.49,0.44,ks_jctcity,kansas,city
Kanorado,1.49,0.44,ks_kanorado,kansas,city
Kinsley,1.49,0.44,ks_kinsley,kansas,city
Liberal,1.48,0.24,ks_liberal,kansas,city
Marysville,1.49,0.44,ks_marysvill,kansas,city
McPherson,1.49,0.44,ks_mcphers,kansas,city
Mullinville,1.49,0.44,ks_mullinvil,kansas,city
Newton,1.49,0.44,ks_newton,kansas,city
Oakley,1.49,0.44,ks_oakley,kansas,city
Oberlin,1.49,0.44,ks_oberlin,kansas,city
Overland Park,1.49,0.44,ks_overlandp,kansas,city
Phillipsburg,1.49,0.44,ks_phillipsb,kansas,city
Pittsburg,1.47,,ks_pittsburg,kansas,city
Protection,1.49,0.44,ks_protectio,kansas,city
Salina,1.49,0.44,ks_salina,kansas,city
Smith Center,1.49,0.44,ks_smithctr,kansas,city
Topeka,1.48,0.32,ks_topeka,kansas,city
WaKeeney,1.49,0.44,ks_wakenney,kansas,city
Wichita,1.48,0.21,ks_wichita,kansas,city
Yates Center,1.48,0.32,ks_yates,kansas,city

US-50 & US-400,1.49,0.44,coks_slus50,kansas,border
US-83,1.49,0.44,ksok_sl83,kansas,border
I-35,1.49,0.44,ksok_sli35,kansas,border
US-183,1.49,0.44,ksoksl183,kansas,border

I-35 @ US-75,1.49,0.44,ks_i35xus75,kansas,junction
I-70 @ I-470,1.49,0.44,ks_i470xi70 ks_i70470w ks_i70i470,kansas,junction
I-70 @ I-635,1.49,0.44,ks_i70i635,kansas,junction
I-70 @ US-75,1.49,0.44,ks_i70us75e,kansas,junction
I-70 @ K-156,1.49,0.44,ks_i70xks156,kansas,junction
I-135 @ I-70,1.49,0.44,ks_i135xi70,kansas,junction
US-54 @ US-69,1.49,0.44,ks_us54xus69,kansas,junction
US-54 @ US-400,1.49,0.44,ks_us54x400,kansas,junction
US-54 US-400 @ US-183,1.49,0.44,ks_us54us183,kansas,junction
US-54 @ K-3,1.49,0.44,ks_us54ks3,kansas,junction
US-54 @ K-99,1.49,0.44,ks_us54ks99,kansas,junction
US-69 @ US-400,1.49,0.44,ks_us69400 ks_us694002,kansas,junction
US-75 @ US-400,1.49,0.44,ks_us75x400,kansas,junction
US-81 @ US-24,1.49,0.44,ks_us81xus24,kansas,junction
US-160 @ US-183,1.49,0.44,ks_us160us18,kansas,junction
US-183 @ K-156,1.49,0.44,ks_us183156,kansas,junction
US-400 @ K-99,1.49,0.44,ks_us40099e ks_us40099w,kansas,junction

# KENTUCKY ----------------------------------------------------------------------------------------
Louisville,1.57,0.46,ky_louisvill,kentucky,city

# LOUISIANA ----------------------------------------------------------------------------------------
Abbeville,1.55,0.90,la_abbeville,louisiana,city
Alexandria,1.55,0.90,la_alexandr,louisiana,city
Bastrop,1.51,0.41,la_bastrop,louisiana,city
Baton Rouge,1.55,0.90,la_baton la_baton2,louisiana,city
Cameron,1.55,0.90,la_cameron,louisiana,city
Clayton,1.56,0.50,la_clayton,louisiana,city
DeRidder,1.55,0.90,la_deridder,louisiana,city
Esther,1.55,0.90,la_esther,louisiana,city
Ferriday,1.56,0.50,la_ferriday,louisiana,city
Hammond,1.56,0.50,la_hammond,louisiana,city
Houma,1.56,0.50,la_houma,louisiana,city
Junction City,1.51,0.41,ar_la_jctcit,louisiana,city
Kinder,1.56,0.50,la_kinder,louisiana,city
Lafayette,1.55,0.90,la_lafayette,louisiana,city
Lake Charles,1.55,0.90,la_lakechrls,louisiana,city
Logansport,1.56,0.50,la_loganspor,louisiana,city
Mansfield,1.55,0.90,la_mansfield,louisiana,city
Moss Bluff,1.55,0.90,la_mbluff,louisiana,city
Monroe,1.56,0.50,la_monroe,louisiana,city
Natchitoches,1.55,0.90,la_natchito,louisiana,city
New Orleans,1.55,0.90,la_neworlean,louisiana,city
Oak Grove,1.55,0.90,la_oakgrv,louisiana,city
Oberlin,1.56,0.50,la_oberlin,louisiana,city
Pecan Island,1.55,0.90,la_pecanis,louisiana,city
Port Allen,1.56,0.50,la_ptallen,louisiana,city
Ruston,1.51,0.41,la_ruston,louisiana,city
Shreveport,1.46,,la_shrevepor,louisiana,city
Simmesport,1.56,0.50,la_simmespor,louisiana,city
Slidell,1.56,0.50,la_slidell,louisiana,city
Tallulah,1.55,0.90,la_tallulah,louisiana,city
Tullos,1.56,0.50,la_tull,louisiana,city
Winnfield,1.55,0.90,la_winnfield,louisiana,city

I-10 @ I-12,1.56,0.50,la_i10xi12,louisiana,junction
I-10 @ US-165,1.55,0.90,la_i10x165,louisiana,junction
I-49 @ US-167,1.56,0.50,la_i49x167,louisiana,junction
I-49 @ LA 6,1.56,0.50,la_i49xla6,louisiana,junction
US-84 @ US-165,1.56,0.50,la_us84x165,louisiana,junction
US-90 @ LA 14,1.56,0.50,la_us90x14,louisiana,junction
US-90 @ LA 318,1.56,0.50,la_us90x318,louisiana,junction
US-171 @ LA 26,1.56,0.50,la_us171x26,louisiana,junction
US-190 @ LA 1,1.56,0.50,la_us190x1,louisiana,junction
LA 1 @ LA 15,1.56,0.50,la_la1x15,louisiana,junction

# MEXICO ----------------------------------------------------------------------------------------
I-19,1.43,,mx_mexicoi19,mexico,border

# MINNESOTA ----------------------------------------------------------------------------------------
Worthington,1.54,0.60,mn_worthingt,minnesota,city

# MISSOURI ----------------------------------------------------------------------------------------
Bethany,1.54,0.30,mo_bethany,missouri,city
Branson,1.53,0.23,mo_branson,missouri,city
Cabool,1.54,0.30,mo_cabool,missouri,city
Cameron,1.54,0.30,mo_cameron,missouri,city
Cape Girardeau,1.54,0.30,mo_capeg,missouri,city
Chesterfield,1.54,0.30,mo_chesterfi,missouri,city
Collins,1.54,0.30,mo_collins,missouri,city
Columbia,1.53,0.16,mo_columbia,missouri,city
Fordland,1.54,0.30,mo_fordland,missouri,city
Hannibal,1.54,0.30,mo_hannibal,missouri,city
Harrisonville,1.54,0.30,mo_harrisonv,missouri,city
Jefferson City,1.53,0.23,mo_jefferson,missouri,city
Joplin,1.49,0.44,mo_joplin,missouri,city
Kansas City,1.49,0.44,mo_kansascit,missouri,city
Kennett,1.51,0.41,mo_kennett,missouri,city
Kingdom City,1.53,0.53,mo_kingdomci,missouri,city
Kirksville,1.54,0.30,mo_kirksvill,missouri,city
Lake of the Ozarks,1.54,0.30,mo_lakeozark,missouri,city
Lancaster,1.54,0.30,mo_lancaster,missouri,city
Licking,1.54,0.30,mo_licking,missouri,city
Macon,1.53,0.29,mo_macon,missouri,city
Maryville,1.54,0.30,mo_maryville,missouri,city
Meadville,1.54,0.30,mo_meadville,missouri,city
Nevada,1.53,0.53,mo_nevada,missouri,city
Osage Beach,1.54,0.30,mo_osagebeac,missouri,city
Park Hills,1.54,0.30,mo_parkhills,missouri,city
Poplar Bluff,1.54,0.30,mo_pbl,missouri,city
Preston,1.53,0.23,mo_preston,missouri,city
Princeton,1.54,0.30,mo_princeton,missouri,city
Rock Port,1.54,0.30,mo_rockport,missouri,city
Rolla,1.54,0.30,mo_rolla,missouri,city
Sedalia,1.53,0.23,mo_sedalia,missouri,city
Springfield,1.53,0.23,mo_springfie,missouri,city
St. Joseph,1.54,0.30,mo_stjoseph,missouri,city
St. Louis,1.51,0.41,mo_stlouis,missouri,city
Wayland,1.54,0.30,mo_wayland,missouri,city
Willow Springs,1.54,0.30,mo_willowsp,missouri,city

US-412,1.54,0.30,armosl412,missouri,border
US-65,1.54,0.30,armosl65,missouri,border
US-67,1.54,0.30,armosl67,missouri,border
US-61,1.55,0.90,ia_mo_61_sl,missouri,border
I-44,1.54,0.30,mook_sl44e mook_sl44w,missouri,border

I-29 @ I-35,1.54,0.30,mo_i29xi35,missouri,junction
I-29 @ I-229,1.54,0.30,mo_i29x229,missouri,junction
I-29 @ I-635,1.54,0.30,mo_i29x635,missouri,junction
I-44 @ I-49,1.54,0.30,mo_i44x49,missouri,junction
I-44 @ US-50,1.54,0.30,mo_i44x50,missouri,junction
I-55 @ I-57,1.54,0.30,mo_i55i57,missouri,junction
I-55 @ I-155,1.54,0.30,mo_i55i155,missouri,junction
I-64 @ I-70,1.54,0.30,mo_i64x70,missouri,junction
I-70 @ US-65,1.53,0.16,mo_i70xus65,missouri,junction
I-70 @ Route 13,1.53,0.16,mo_i70mo13,missouri,junction
US-50 @ US-63,1.54,0.30,mo_us50x63,missouri,junction
US-54 @ US-63,1.53,0.53,mo_us54xus63,missouri,junction
US-65 @ Route 52,1.54,0.30,mo_us65xmo52,missouri,junction

# MONTANA ----------------------------------------------------------------------------------------
Alzada,1.59,0.317,mt_alzad,montana,city
Babb,1.45,,mt_babb,montana,city
Belt,1.45,,mt_belt,montana,city
Big Sandy,1.44,,mt_bigsandy,montana,city
Billings,1.44,,mt_billings mt_billing90,montana,city
Bozeman,1.44,,mt_bozeman,montana,city
Broadus,1.44,,mt_broadus,montana,city
Browning,1.45,,mt_browning,montana,city
Butte,1.44,,mt_butte,montana,city
Chester,1.44,,mt_chester,montana,city
Chinook,1.44,,mt_chinook,montana,city
Circle,1.44,,mt_circle,montana,city
Columbia Falls,1.45,,mt_colfalls,montana,city
Conrad,1.44,,mt_conrad,montana,city
Crow Agency,1.44,,mt_crow_agen,montana,city
Culbertson,1.44,,mt_culbertso,montana,city
Cut Bank,1.45,,mt_cutbank,montana,city
Dillon,1.44,,mt_dillon,montana,city
Earthquake Lake,1.45,,mt_quakelake,montana,city
East Glacier,1.44,,mt_eastglac,montana,city
Ennis,1.45,,mt_ennis,montana,city
Fort Peck,1.44,,mt_fortpeck,montana,city
Four Corners,1.45,,mt_fourcnr,montana,city
Glasgow,1.44,,mt_glasgow,montana,city
Glendive,1.44,,mt_glendive,montana,city
Grass Range,1.44,,mt_grassrang,montana,city
Great Falls,1.44,,mt_greatfall,montana,city
Hardin,1.44,,mt_hardin,montana,city
Haugan,1.44,,mt_haugan,montana,city
Havre,1.44,,mt_havre,montana,city
Helena,1.44,,mt_helena,montana,city
Jordan,1.44,,mt_jordan,montana,city
Kalispell,1.44,,mt_kalispell,montana,city
Laurel,1.44,,mt_laurel,montana,city
Lewistown,1.44,,mt_lewistown,montana,city
Lima,1.44,,mt_lima,montana,city
Lindsay,1.44,,mt_lindsay,montana,city
Logan Pass,1.45,,mt_loganpass,montana,city
Lolo,1.44,,mt_lolo,montana,city
Lolo Hot Springs,1.45,,mt_lolohotsp,montana,city
Lookout Pass,1.44,,mt_lookout_p,montana,city
Malta,1.44,,mt_malta,montana,city
Miles City,1.44,,mt_milescity,montana,city
Missoula,1.44,,mt_missoula,montana,city
Polson,1.44,,mt_polson,montana,city
Roundup,1.44,,mt_roundup,montana,city
Shelby,1.44,,mt_shelby,montana,city
Sidney,1.44,,mt_sidney mt_sidney200,montana,city
St. Mary,1.45,,mt_stmary,montana,city
St. Regis,1.44,,mt_stregis,montana,city
Thompson Falls,1.44,,mt_thompsonf,montana,city
Troy,1.44,,mt_troy,montana,city
West Glacier,1.44,,mt_westglac,montana,city
White Sulphur Sprgs,1.44,,mt_whitesulp,montana,city
Wolf Point,1.44,,mt_wolfpoint,montana,city
West Yellowstone,1.45,,mt_wyellow,montana,city

US-93,1.59,0.317,can_usa_93,montana,border
US-93,1.44,,idmtus93sl,montana,border
US-212,1.59,0.317,sdmt_sl212,montana,border
MT-59 & WY-59,1.44,,mtwy_sl59,montana,border

I-15 @ I-90,1.44,,mt_i15i90 mt_i15i90w,montana,junction
I-90 @ I-94,1.44,,mt_i90i94,montana,junction
I-90 @ US-89,1.44,,mt_i90us89,montana,junction
I-90 @ MT 200,1.44,,mt_i90mt200e,montana,junction
US-2 @ MT 24,1.44,,mt_us2mt24,montana,junction
US-87 @ US-89,1.44,,mt_us87us89,montana,junction
US-87 @ US-191,1.44,,mt_us87us191,montana,junction
US-93 @ MT 43,1.45,,mt_us93mt43,montana,junction
US-191 @ MT 19,1.44,,mt_us191mt19,montana,junction
US-212 @ US-310,1.44,,mt_us212310,montana,junction
MT 24 @ MT 200,1.44,,mt_mt24mt200,montana,junction
MT 135 @ MT 200,1.44,,mt_mt135x200,montana,junction

# NEBRASKA ----------------------------------------------------------------------------------------
Alliance,1.49,0.59,ne_all,nebraska,city
Alma,1.49,0.59,ne_alm,nebraska,city
Ansley,1.49,0.59,ne_ans,nebraska,city
Auburn,1.49,0.59,ne_aub,nebraska,city
Bartlett,1.50,0.78,ne_bar,nebraska,city
Bassett,1.49,0.52,ne_bas,nebraska,city
Beatrice,1.49,0.59,ne_bea,nebraska,city
Bridgeport,1.50,0.78,ne_bri,nebraska,city
Brownville,1.54,0.30,ne_brownvill,nebraska,city
Chadron,1.49,0.59,ne_cha,nebraska,city
Columbus,1.49,0.59,ne_col,nebraska,city
Fremont,1.50,0.78,ne_fremont,nebraska,city
Grand Island,1.49,0.55,ne_gis,nebraska,city
Harlan County Reservoir,1.50,0.78,ne_hcr,nebraska,city
Hyannis,1.50,0.78,ne_hya,nebraska,city
Lake McConaughy,1.50,0.78,ne_lak,nebraska,city
Laurel,1.54,0.45,ne_laurel,nebraska,city
Lewellen,1.50,0.78,ne_lewellen,nebraska,city
Lincoln,1.50,0.78,ne_lin,nebraska,city
McCook,1.49,0.44,ne_mccook,nebraska,city
Merriman,1.49,0.55,ne_mer,nebraska,city
Nebraska National Forest,1.50,0.78,ne_nnf,nebraska,city
Norfolk,1.49,0.59,ne_nor,nebraska,city
North Platte,1.49,0.59,ne_npl,nebraska,city
Nebraska Prairie Museum,1.50,0.78,ne_npm,nebraska,city
Ogallala,1.49,0.59,ne_oga,nebraska,city
Omaha,1.50,0.78,ne_oma ne_omaha80w,nebraska,city
O'Neill,1.49,0.52,ne_one,nebraska,city
Red Cloud,1.49,0.59,ne_rcl,nebraska,city
Scottsbluff,1.49,0.59,ne_sco,nebraska,city
Sidney,1.49,0.59,ne_sid,nebraska,city
South Sioux City,1.50,0.78,ne_ssc,nebraska,city
South Bellevue,1.55,0.90,ne_sthbellev,nebraska,city
Thedford,1.49,0.59,ne_the,nebraska,city
Trenton,1.50,0.78,ne_tre,nebraska,city
Valentine,1.49,0.55,ne_val,nebraska,city
York,1.50,0.78,ne_york,nebraska,city

I-80,1.50,0.78,ne_wy_i80_sl,nebraska,border
US-20,1.50,0.78,newy_us20_sl,nebraska,border
US-26,1.50,0.78,newyus26sl,nebraska,border
US-81,1.60,0.71,sdne_sl83,nebraska,border

I-76 @ I-80,1.50,0.78,ne_i76xi80,nebraska,junction
I-80 @ US-6,1.50,0.78,ne_i80xus6,nebraska,junction
I-80 @ US-81,1.50,0.78,ne_i80xus81,nebraska,junction
I-80 @ US-183,1.50,0.78,ne_i80us183,nebraska,junction
I-80 @ N-17B,1.50,0.78,ne_i80x17b,nebraska,junction
US-20 @ US-81,1.55,0.90,ne_us20x81,nebraska,junction
US-20 @ US-275,1.55,0.90,ne_us_20x275,nebraska,junction
US-26 @ N-61,1.50,0.78,ne_us26xne61,nebraska,junction
US-81 @ US-136,1.50,0.78,ne_us81x136,nebraska,junction
US-81 @ N-92,1.50,0.78,ne_us81xne92,nebraska,junction

# NEVADA ----------------------------------------------------------------------------------------
Alamo,1.59,0.317,nv_alamo,nevada,city
Austin,1.43,,nv_austin,nevada,city
Battle Mountain,1.43,,nv_battlemtn,nevada,city
Beatty,1.43,,nv_beatty,nevada,city
Caliente,1.59,0.317,nv_caliente,nevada,city
Carlin,1.59,0.317,nv_carlin,nevada,city
Carson City,1.43,,nv_carsoncit,nevada,city
Currie,1.59,0.317,nv_currie,nevada,city
Denio,1.43,,nv_denio,nevada,city
Denio Junction,1.43,,nv_deniojct,nevada,city
Elko,1.43,,nv_elko,nevada,city
Ely,1.43,,nv_ely,nevada,city
Fallon,1.59,0.317,nv_fallon,nevada,city
Goldfield,1.43,,nv_goldfield,nevada,city
Hoover Dam,1.57,0.46,nv_hoover,nevada,city
Indian Springs,1.43,,nv_indianspg,nevada,city
Jackpot,1.43,,nv_jackpot,nevada,city
Las Vegas,1.43,,nv_lasvegas,nevada,city
Lovelock,1.59,0.317,nv_lovelock,nevada,city
Mazany Creek,1.43,,nv_maz1,nevada,city
McDermitt,1.43,,nvmcdermitt,nevada,city
Montgomery Pass,1.49,0.44,nv_mont_pass,nevada,city
Owyhee,1.43,,nv_owyhee,nevada,city
Panaca,1.43,,nv_panaca,nevada,city
Pioche,1.43,,nv_pioche,nevada,city
Primm,1.47,,nv_primm,nevada,city
Rachel,1.43,,nv_rachel,nevada,city
Reno,1.43,,nv_reno,nevada,city
Silver Springs,1.60,0.71,nv_silversp,nevada,city
Sparks,1.44,,nv_sparks nv_sparksi80,nevada,city
Tonopah,1.43,,nv_tonopah,nevada,city
Walker Lake,1.60,0.71,nv_walkerlk,nevada,city
Wells,1.43,,nv_wells,nevada,city
Wendover,1.43,,nv_wendover,nevada,city
Winnemucca,1.43,,nv_winnemucc,nevada,city

I-15,1.43,,az_nv_i15_sl,nevada,border
US-395 (north),1.43,,ca_nv_sl395n,nevada,border
US-395 (south),1.47,,ca_nv_sl395s,nevada,border
I-80,1.44,,canv_sl80,nevada,border
US-6,1.43,,nv_ut_sl6,nevada,border

I-15 @ US-93,1.43,,nv_i15xus93,nevada,junction
I-80 @ US-95,1.59,0.317,nv_i80x95,nevada,junction
US-6 @ US-93,1.43,,nv_us6xus93,nevada,junction
US-6 @ US-95,1.43,,nv_us6us95,nevada,junction
US-6 @ SR 264,1.49,0.44,nv_us6x264,nevada,junction
US-6 @ SR 375,1.43,,nv_us6nv375,nevada,junction
US-50 @ US-50A,1.60,0.71,nv_us50x50a,nevada,junction
US-50 @ SR 376,1.43,,nv_us50nv376,nevada,junction
US-93 @ US-93 Alt,1.43,,nv_us93xalt9,nevada,junction
US-93 @ SR 375,1.43,,nv_us93nv375,nevada,junction
US-95 @ SR 140,1.43,,nv_us95nv140,nevada,junction
US-395 @ SR 208,1.60,0.71,nv_us395x208,nevada,junction
SR 376 @ SR 377,1.59,0.317,nv_nv376x377,nevada,junction

# NEW MEXICO ----------------------------------------------------------------------------------------
Alamogordo,1.43,,nm_alamogord,newmexico,city
Albuquerque,1.43,,nm_albuquerq nm_i40ealbu,newmexico,city
Artesia,1.43,,nm_artesia,newmexico,city
Bloomfield,1.43,,nm_bloomfiel,newmexico,city
Carlsbad,1.43,,nm_carlsbad,newmexico,city
Carlsbad Caverns,1.45,,nm_carlscav,newmexico,city
Carrizozo,1.43,,nm_carrizozo,newmexico,city
Clayton,1.44,,nm_clayton,newmexico,city
Clovis,1.43,,nm_clovis,newmexico,city
Corona,1.43,,nm_corona,newmexico,city
Des Moines,1.44,,nm_desmoines,newmexico,city
Eagle Nest,1.43,,nm_eaglenest,newmexico,city
Elida,1.43,,nm_elida,newmexico,city
Farmington,1.43,,nm_farmingto,newmexico,city
Fort Sumner,1.43,,nm_fortsumne,newmexico,city
Gallup,1.43,,nm_gallup,newmexico,city
Grants,1.57,0.46,nm_grants,newmexico,city
Hobbs,1.43,,nm_hobbs,newmexico,city
Las Cruces,1.43,,nm_lascruces,newmexico,city
Logan,1.46,,nm_logan,newmexico,city
Lordsburg,1.43,,nm_lordsburg,newmexico,city
Mesita,1.57,0.46,nm_mesita,newmexico,city
Mountain Park,1.43,,nm_mountpark,newmexico,city
Pastura,1.58,0.305,nm_pastura,newmexico,city
Quemado,1.43,,nm_quemado,newmexico,city
Raton,1.43,,nm_raton,newmexico,city
Rio Grande Gorge Bridge,1.43,,nm_riogranbr,newmexico,city
Roswell,1.43,,nm_roswell,newmexico,city
Santa Fe,1.43,,nm_santafe,newmexico,city
Santa Rosa,1.43,,nm_santarosa,newmexico,city
Shiprock,1.43,,nm_shiprock,newmexico,city
Sky City,1.43,,nm_skycity,newmexico,city
Socorro,1.43,,nm_socorro,newmexico,city
Texico,1.46,,nm_texico,newmexico,city
Tierra Amarilla,1.43,,nm_tierra,newmexico,city
Tucumcari,1.43,,nm_tucumcari,newmexico,city
Tularosa,1.43,,nm_tularosa,newmexico,city
Vaughn,1.43,,nm_vaughn,newmexico,city
White Sands,1.43,,nm_whitesand,newmexico,city
Whites City,1.45,,nm_whitescit,newmexico,city

Four Corners,1.43,,azconmut4c,newmexico,border
I-10,1.45,,aznmi10sl,newmexico,border
I-40,1.44,,nmtx_sli40,newmexico,border
US-54,1.46,,nmtxsl54,newmexico,border
US-56,1.47,,nmoksl56,newmexico,border
US-62,1.45,,nmtxus62sl,newmexico,border

I-10 @ I-25,1.43,,nm_i10i25,newmexico,junction
I-25 @ US-64,1.43,,nm_i25us64,newmexico,junction
I-25 @ US-70,1.43,,nm_i25us70,newmexico,junction
I-25 @ US-84,1.43,,nm_i25us84s,newmexico,junction
I-25 @ US-380,1.45,,nm_i25us380,newmexico,junction
I-25 @ US-550,1.43,,nm_i25us550,newmexico,junction
I-25 @ NM 599,1.43,,nm_i25nm599,newmexico,junction
I-40 @ US-84,1.43,,nm_i40us84w,newmexico,junction
I-40 @ NM 500,1.57,0.46,nm_i40x500,newmexico,junction
US-64 @ US-84,1.43,,nm_us64us84e,newmexico,junction
US-70 @ US-380,1.43,,nm_us70us380,newmexico,junction
US-84 @ US-285,1.43,,nm_us84285nm,newmexico,junction

# NORTH DAKOTA ----------------------------------------------------------------------------------------
Fargo,1.59,0.317,nd_fargo,northdakota,city
Williston,1.44,,nd_williston,northdakota,city

# OKLAHOMA ----------------------------------------------------------------------------------------
Altus,1.47,,ok_altus,oklahoma,city
Ardmore,1.47,,ok_ardmore,oklahoma,city
Beavers Bend,1.48,0.21,ok_beaversbe,oklahoma,city
Boise City,1.47,,ok_boisecity,oklahoma,city
Broken Bow Dam,1.48,0.21,ok_brkbwdam,oklahoma,city
Broken Bow,1.48,0.21,ok_brokenbow,oklahoma,city
Bryan's Corner,1.47,,ok_bryanscnr,oklahoma,city
Checotah,1.48,0.21,ok_checotah,oklahoma,city
Chouteau,1.48,0.21,ok_chouteau,oklahoma,city
Cleo Springs,1.47,,ok_cleospgs,oklahoma,city
Clinton,1.47,,ok_clinton,oklahoma,city
Duncan,1.47,,ok_duncan,oklahoma,city
Durant,1.48,0.21,ok_durant,oklahoma,city
Enid,1.47,,ok_enid,oklahoma,city
Guymon,1.47,,ok_guymon,oklahoma,city
Henryetta,1.48,0.21,ok_henryetta,oklahoma,city
Hochatown,1.48,0.21,ok_hochatown,oklahoma,city
Hugo,1.48,0.21,ok_hugo,oklahoma,city
Idabel,1.48,0.21,ok_idabel,oklahoma,city
Lawton,1.47,,ok_lawton,oklahoma,city
Madill,1.48,0.21,ok_madill,oklahoma,city
McAlester,1.47,,ok_mcalester,oklahoma,city
Miami,1.49,0.44,ok_miami,oklahoma,city
Midwest City,1.48,0.21,ok_midwestci,oklahoma,city
Muldrow,1.50,0.78,ok_muldrow,oklahoma,city
Muskogee,1.48,0.21,ok_muskogee,oklahoma,city
Oklahoma City,1.51,0.41,ok_okc44 ok_oklacity,oklahoma,city
Sallisaw,1.48,0.21,ok_sallisaw,oklahoma,city
Seiling,1.47,,ok_seiling,oklahoma,city
Spiro,1.48,0.21,ok_spiro,oklahoma,city
Stroud,1.48,0.21,ok_stroud,oklahoma,city
Texhoma,1.48,0.21,oktx_texhoma,oklahoma,city
Tonkawa,1.49,0.44,ok_tonkawa,oklahoma,city
Tulsa,1.47,,ok_tulsa,oklahoma,city
Waurika,1.47,,ok_waurika,oklahoma,city
Woodward,1.47,,ok_woodward,oklahoma,city

I-35,1.49,0.44,ksok_sli35,oklahoma,border
I-44,1.48,0.21,ok_tx_i44_sl,oklahoma,border
I-44,1.54,0.30,mook_sl44e mook_sl44w,oklahoma,border
US-56,1.47,,nmoksl56,oklahoma,border
US-70,1.50,0.78,ar_ok_sl70,oklahoma,border
US-83,1.49,0.44,ksok_sl83,oklahoma,border
US-83,1.47,,oktxsl83,oklahoma,border
US-183,1.49,0.44,ksoksl183,oklahoma,border
US-259,1.48,0.21,ok_tx_259_sl,oklahoma,border
US-271,1.48,0.21,oktxsl271,oklahoma,border
US-287,1.47,,cooksl287,oklahoma,border
US-385,1.47,,oktxsl385,oklahoma,border

I-35 @ I-44,1.48,0.21,ok_i35xi44,oklahoma,junction
I-35 @ US-412,1.48,0.21,ok_i35xus412,oklahoma,junction
I-40 @ I-44,1.51,0.41,ok_i40x44,oklahoma,junction
I-40 @ US-64,1.50,0.78,ok_i40xus64,oklahoma,junction
I-44 @ US-69,1.49,0.44,ok_us69i44,oklahoma,junction
US-59 @ US-271,1.51,0.41,ok_us59us271,oklahoma,junction
US-64 @ US-183,1.49,0.44,ok_us64us183,oklahoma,junction
US-70 @ US-259,1.48,0.21,ok_us70us259,oklahoma,junction
US-75 @ 66th St,1.48,0.32,ok_ux75x66nt,oklahoma,junction

# OREGON ----------------------------------------------------------------------------------------
Adel,1.43,,or_adel,oregon,city
Albany,1.43,,or_albany,oregon,city
Astoria,1.43,,or_astoria,oregon,city
Baker City,1.43,,or_bakercity,oregon,city
Bend,1.43,,or_bend or_bendus97,oregon,city
Biggs,1.43,,or_biggs,oregon,city
Bly,1.43,,or_bly,oregon,city
Brothers,1.43,,or_brothers,oregon,city
Burns,1.43,,or_burns,oregon,city
Burns Junction,1.43,,or_burnsjct,oregon,city
Canyonville,1.43,,or_canyonvil,oregon,city
Coos Bay,1.43,,or_coosbay,oregon,city
Crater Lake,1.43,,or_craterlak,oregon,city
Crescent,1.43,,or_crescent,oregon,city
Eugene,1.43,,or_eugene,oregon,city
Grants Pass,1.43,,or_grants,oregon,city
Hunter Creek,1.43,,or_hunterck,oregon,city
John Day,1.43,,or_johnday,oregon,city
Jordan Valley,1.43,,or_jordanval,oregon,city
Juntura,1.43,,or_juntura,oregon,city
Klamath Falls,1.43,,or_klamath,oregon,city
Lake of the Woods,1.43,,or_lakeofthe,oregon,city
Lakeview,1.43,,or_lakeview,oregon,city
Maupin,1.43,,or_maupin,oregon,city
Medford,1.43,,or_medford,oregon,city
Newport,1.43,,or_newport,oregon,city
Ona Beach,1.43,,or_onabeach,oregon,city
Ontario,1.43,,or_ontario,oregon,city
Pacific City,1.43,,or_pacificci,oregon,city
Pendleton,1.43,,or_pendleton,oregon,city
Pleasant Hill,1.43,,or_pleasanth,oregon,city
Portland,1.43,,or_porlus30e or_porti5n or_porti5s or_porti84w,oregon,city
Riley,1.43,,or_riley,oregon,city
Rome,1.43,,or_rome,oregon,city
Salem,1.43,,or_salem,oregon,city
Shaniko,1.43,,or_shaniko,oregon,city
Terrebonne,1.43,,or_terrebonn,oregon,city
The Dalles,1.43,,or_thedalles,oregon,city
Toledo,1.43,,or_toledo,oregon,city
Troutdale,1.43,,or_troutdale,oregon,city
Vale,1.43,,or_vale,oregon,city
Willamette Pass,1.43,,or_williamet,oregon,city

US-97,1.43,,ca_or_sl_97,oregon,border
US-101,1.43,,ca_or_sl_101,oregon,border
US-199,1.43,,ca_or_sl_199,oregon,border
US-395,1.43,,ca_or_sl_395,oregon,border

I-5 @ I-405,1.43,,or_i5xi405s,oregon,junction
I-82 @ I-84,1.43,,or_i82i84,oregon,junction
US-20 @ US-395,1.43,,or_us20us395,oregon,junction
US-97 @ OR 58,1.43,,or_us97nor58,oregon,junction

# SOUTH DAKOTA ----------------------------------------------------------------------------------------
Aberdeen,1.59,0.317,sd_aberdeen,southdakota,city
Badlands Lodge,1.60,0.71,sd_badl_lodg,southdakota,city
Badlands Pinnacles East,1.59,0.317,sd_badl_pin,southdakota,city
Belle Fourche,1.44,,sd_bellefour,southdakota,city
Bison,1.59,0.317,sd_bison,southdakota,city
Brookings,1.59,0.317,sd_brookings,southdakota,city
Buffalo,1.59,0.317,sd_buffalo,southdakota,city
Carter,1.60,0.71,sd_carter,southdakota,city
Coal Springs,1.59,0.317,sd_coalspgs,southdakota,city
Deadwood,1.59,0.317,sd_dead,southdakota,city
Faith,1.59,0.317,sd_faith,southdakota,city
Fort Randall Dam,1.60,0.71,sd_ft_rn_dam,southdakota,city
Hill City,1.60,0.71,sd_hill_city,southdakota,city
Hot Springs,1.59,0.317,sd_hotspgs,southdakota,city
Howes,1.60,0.71,sd_howes,southdakota,city
Huron,1.59,0.317,sd_huron,southdakota,city
Interior,1.60,0.71,sd_interior,southdakota,city
Keystone,1.60,0.71,sd_keystone,southdakota,city
Lemmon,1.59,0.317,sd_lemmon,southdakota,city
Martin,1.59,0.317,sd_martin,southdakota,city
Maverick Junction,1.60,0.71,sd_maverickj,southdakota,city
Mission,1.59,0.317,sd_mission,southdakota,city
Mitchell,1.59,0.317,sd_mitchell,southdakota,city
Mobridge,1.59,0.317,sd_mobridge,southdakota,city
Mount Rushmore,1.60,0.71,sd_rushmore,southdakota,city
Murdo,1.59,0.317,sd_murdo,southdakota,city
Pierre,1.59,0.317,sd_pierre,southdakota,city
Rapid City,1.59,0.317,sd_rapidcty,southdakota,city
Redfield,1.59,0.317,sd_redfield,southdakota,city
Reva Gap,1.59,0.317,sd_reva,southdakota,city
Selby,1.59,0.317,sd_selby,southdakota,city
Sioux Falls,1.59,0.317,sd_sxfalls,southdakota,city
Spearfish,1.59,0.317,sd_spearfish,southdakota,city
Sturgis,1.59,0.317,sd_sturgis,southdakota,city
Tabor,1.60,0.71,sd_tabor,southdakota,city
Three Forks,1.60,0.71,sd_threefork,southdakota,city
Timber Lake,1.59,0.317,sd_tmbrlake,southdakota,city
Wall,1.59,0.317,sd_wall,southdakota,city
Watertown,1.59,0.317,sd_watertown,southdakota,city
Waubay,1.59,0.317,sd_waubay,southdakota,city
White River,1.59,0.317,sd_whtriver,southdakota,city
Winner,1.59,0.317,sd_winner,southdakota,city
Yankton,1.59,0.317,sd_yankton,southdakota,city

US-81,1.60,0.71,sdne_sl83,southdakota,border

I-29 @ I-90,1.59,0.317,sd_i90xi29,southdakota,junction
I-29 @ US-12,1.59,0.317,sd_i29xus12,southdakota,junction
I-29 @ US-18,1.60,0.71,sd_i29xus18,southdakota,junction
I-29 @ SD 50,1.60,0.71,sd_i29xsd50,southdakota,junction
I-90 @ US-85,1.59,0.317,sd_i90xu85,southdakota,junction
I-90 @ US-281,1.59,0.317,sd_i90xus281,southdakota,junction
US-12 @ US-83,1.59,0.317,sd_us12xus83,southdakota,junction
US-14 @ US-83,1.59,0.317,sd_us14xus83,southdakota,junction
US-14 @ SD 34,1.59,0.317,sd_us14xsd34,southdakota,junction
US-18 @ US-83,1.59,0.317,sd_us18xus83,southdakota,junction
US-18 @ US-385,1.60,0.71,sd_us385xu18,southdakota,junction
US-83 @ US-212,1.59,0.317,sd_us83us212,southdakota,junction
US-85 @ SD 168,1.59,0.317,sd_u85xsd168,southdakota,junction
SD 20 @ SD 73,1.60,0.71,sd_sd20xsd73,southdakota,junction

# TENNESSEE ----------------------------------------------------------------------------------------
Memphis,1.50,0.92,tn_memphis,tennessee,city

# TEXAS ----------------------------------------------------------------------------------------
Abilene,1.45,,tx_abileni20,texas,city
Adrian,1.45,,tx_adrian,texas,city
Alvarado,1.46,,tx_alvarado,texas,city
Amarillo,1.43,,tx_amarillo,texas,city
Anson,1.46,,tx_anson,texas,city
Austin,1.46,,tx_austin,texas,city
Ballinger,1.45,,tx_ballinger,texas,city
Beaumont,1.46,,tx_beaumont,texas,city
Belton,1.46,,tx_belton,texas,city
Big Spring,1.45,,tx_bigspr,texas,city
Bovina,1.45,,tx_bovina,texas,city
Bronson,1.46,,tx_broson,texas,city
Brownsville,1.46,,tx_brownsvil,texas,city
Buna,1.46,,tx_buna,texas,city
Cameron,1.46,,tx_cameron,texas,city
Canadian,1.47,,tx_canadian,texas,city
Canyon,1.45,,tx_canyon,texas,city
Carrizo Springs,1.45,,tx_carrizosp,texas,city
Centerville,1.46,,tx_centervil,texas,city
Chandler,1.46,,tx_chandler,texas,city
Childress,1.46,,tx_childress,texas,city
Comanche,1.46,,tx_comanche,texas,city
Corpus Christi,1.46,,tx_corpuschr,texas,city
Corsicana,1.46,,tx_corsicana,texas,city
Dalhart,1.46,,tx_dalhart,texas,city
Dallas,1.46,,tx_dallas,texas,city
De Kalb,1.48,0.21,tx_dekalb,texas,city
Del Rio,1.45,,tx_delrio,texas,city
Denison,1.48,0.21,tx_denison69,texas,city
Denton,1.46,,tx_denton,texas,city
Dryden,1.45,,tx_dryden,texas,city
Dumas,1.46,,tx_dumas,texas,city
Eagle Pass,1.45,,tx_eaglepass,texas,city
Early,1.46,,tx_early,texas,city
El Campo,1.46,,tx_elcampo,texas,city
El Paso,1.43,,tx_elpaso tx_elpasus54,texas,city
Farwell,1.46,,tx_farwell,texas,city
Fredericksburg,1.45,,tx_frederick,texas,city
Freer,1.46,,tx_freer,texas,city
Fort Stockton,1.45,,tx_ftstockto,texas,city
Fort Worth,1.46,,tx_ftworth,texas,city
Fulton,1.46,,tx_fulton,texas,city
Gainesville,1.46,,tx_gainesvil,texas,city
Galveston,1.46,,tx_galveston,texas,city
Greenville,1.48,0.21,tx_greenvill,texas,city
Guthrie,1.46,,tx_guthrie,texas,city
Harlingen,1.46,,tx_harlingen,texas,city
Houston,1.46,,tx_houston,texas,city
Humble,1.46,,tx_humble,texas,city
Huntington,1.46,,tx_huntingto,texas,city
Huntsville,1.46,,tx_huntsvill tx_huntsvile,texas,city
Jasper,1.46,,tx_jasper,texas,city
Junction,1.45,,tx_junction,texas,city
Killeen,1.46,,tx_killeen,texas,city
Kountze,1.46,,tx_kountze,texas,city
La Grange,1.46,,tx_lagrange,texas,city
Lamesa,1.46,,tx_lamesa,texas,city
Lampasas,1.46,,tx_lampasas,texas,city
La Pryor,1.45,,tx_lapryor,texas,city
Laredo,1.46,,tx_laredo,texas,city
Lariat,1.46,,tx_lariat,texas,city
Lindale,1.46,,tx_lindale,texas,city
Livingston,1.46,,tx_livingsto,texas,city
Lone Star,1.48,0.21,tx_lonestar,texas,city
Longview,1.46,,tx_longvie80,texas,city
Lubbock,1.46,,tx_lubbi27 tx_lubbus62,texas,city
Lufkin,1.46,,tx_lufkin,texas,city
Lumberton,1.46,,tx_lumberton,texas,city
Marathon,1.45,,tx_marathon,texas,city
Marfa,1.45,,tx_marfa,texas,city
Marquez,1.46,,tx_marquez,texas,city
Marshall,1.46,,tx_marshall,texas,city
McAllen,1.46,,tx_mcallen,texas,city
McCamey,1.45,,tx_mccamey,texas,city
Mineola,1.46,,tx_mineola,texas,city
New Boston,1.48,0.21,tx_newboston,texas,city
Odessa,1.45,,tx_odessnth tx_odessth,texas,city
Orla,1.45,,tx_orla,texas,city
Palacios,1.46,,tx_palacios,texas,city
Paris,1.48,0.21,tx_paris,texas,city
Pecos,1.45,,tx_pecos,texas,city
Plainview,1.46,,tx_plainview,texas,city
Port Lavaca,1.46,,tx_portlavac,texas,city
Powell,1.46,,tx_powell,texas,city
Riviera,1.46,,tx_riviera,texas,city
Roma,1.46,,tx_roma,texas,city
San Angelo,1.45,,tx_sanangelo,texas,city
San Antonio,1.45,,tx_sananti10,texas,city
Sanderson,1.45,,tx_sanderson,texas,city
Schulenburg,1.46,,tx_schulenbe,texas,city
Seminole,1.46,,tx_seminole,texas,city
Seymour,1.46,,tx_seymour,texas,city
Shamrock,1.47,,tx_shamrock,texas,city
Sherman,1.50,0.92,tx_sherman,texas,city
Sonora,1.45,,tx_sonora,texas,city
Stephenville,1.46,,tx_stephenvi,texas,city
Saint Jo,1.46,,tx_stjo,texas,city
Sutherland Springs,1.46,,tx_sutherlan,texas,city
Tenaha,1.46,,tx_tenaha,texas,city
Texarkana,1.48,0.21,artx_texarka,texas,city
Texhoma,1.48,0.21,oktx_texhoma,texas,city
Tyler,1.46,,tx_tyler,texas,city
Uvalde,1.45,,tx_uvalde,texas,city
Valentine,1.45,,tx_valentine,texas,city
Van Horn,1.45,,tx_vanhorn,texas,city
Victoria,1.46,,tx_victoria,texas,city
Waco,1.46,,tx_waco,texas,city
West,1.46,,tx_west,texas,city
Wichita Falls,1.46,,tx_wichitafa,texas,city
Winnie,1.46,,tx_winnie,texas,city
Woodville,1.46,,tx_woodville,texas,city

I-40,1.44,,nmtx_sli40,texas,border
I-44,1.48,0.21,ok_tx_i44_sl,texas,border
US-54,1.46,,nmtxsl54,texas,border
US-62,1.45,,nmtxus62sl,texas,border
US-83,1.47,,oktxsl83,texas,border
US-259,1.48,0.21,ok_tx_259_sl,texas,border
US-271,1.48,0.21,oktxsl271,texas,border
US-385,1.47,,oktxsl385,texas,border

I-10 @ I-20,1.45,,tx_i10i20e tx_i10xi20w tx_i20xi10,texas,junction
I-10 @ US-290,1.46,,tx_i10xus290,texas,junction
I-20 @ I-30,1.46,,tx_i20xi30,texas,junction
I-20 @ I-35e,1.46,,tx_i20xi35e,texas,junction
I-20 @ I-45,1.46,,tx_i20i45,texas,junction
I-30 @ US-259,1.48,0.21,tx_i30xus259,texas,junction
US-69 @ US-82,1.48,0.21,tx_us69xus82,texas,junction
US-77 @ SH 7,1.46,,tx_us77xtx7,texas,junction
US-83 @ SH 41,1.45,,tx_us83xtx41,texas,junction

# UTAH ----------------------------------------------------------------------------------------
Bluff,1.43,,ut_bluff,utah,city
Cedar City,1.43,,ut_cedarcity,utah,city
Delta,1.43,,ut_delta,utah,city
Duchense,1.43,,ut_duchense,utah,city
Flaming Gorge,1.43,,ut_flaminggo,utah,city
Fort Duchesne,1.43,,ut_ftduchesn,utah,city
Garden City,1.43,,ut_gardencit,utah,city
Heber City,1.43,,ut_hebercity,utah,city
Holden,1.43,,ut_holden,utah,city
Hurricane,1.43,,ut_hurricane,utah,city
Kanab,1.43,,ut_kanab,utah,city
Knolls,1.43,,ut_knolls,utah,city
Laketown,1.43,,ut_laketown,utah,city
Logan,1.43,,ut_logan,utah,city
Mexican Hat,1.43,,ut_mexicanha,utah,city
Moab,1.43,,ut_moab,utah,city
Modena,1.43,,ut_modena,utah,city
Monticello,1.43,,ut_monticell,utah,city
Monument Valley,1.43,,ut_monumentv,utah,city
Ogden,1.43,,ut_ogden,utah,city
Panguitch,1.43,,ut_panguitch,utah,city
Park City,1.43,,ut_parkcity,utah,city
Price,1.43,,ut_price,utah,city
Provo,1.43,,ut_provo,utah,city
Richfield,1.43,,ut_richfield,utah,city
Salina,1.43,,ut_salina,utah,city
Scipio,1.43,,ut_scipio,utah,city
Salt Lake City,1.43,,ut_slc ut_slc2,utah,city
Spanish Fork,1.43,,ut_spanishfo,utah,city
St. George,1.43,,ut_stgeorge,utah,city
Tremonton,1.43,,ut_tremonton,utah,city
Vernal,1.43,,ut_vernal,utah,city

Four Corners,1.43,,azconmut4c,utah,border
I-15,1.43,,az_ut_i15_sl,utah,border
I-70,1.43,,co_ut_sl_i70,utah,border
US-6,1.43,,nv_ut_sl6,utah,border
US-163,1.57,0.46,azut_sl163,utah,border

I-15 @ I-70,1.43,,ut_i15xi70,utah,junction
I-15 @ I-80,1.43,,ut_i15xi80n ut_i25i80s,utah,junction
I-15 @ I-84,1.43,,ut_i15xi84s,utah,junction
I-15 @ SR-26,1.44,,ut_i15ut26,utah,junction
I-70 @ US-6,1.43,,ut_i70xus6,utah,junction
I-70 @ US-191,1.43,,ut_i70xus191,utah,junction
I-80 @ I-84,1.43,,ut_i80xi84,utah,junction
I-80 @ US-40,1.43,,ut_i80xus40,utah,junction

# WASHINGTON ----------------------------------------------------------------------------------------
Aberdeen,1.43,,wa_aberdeen,washington,city
Bellingham,1.43,,wa_bellingha,washington,city
Burlington,1.43,,wa_burlingto,washington,city
Clarkston,1.43,,wa_clarkston,washington,city
Colville,1.43,,wa_colville,washington,city
Coulee City,1.43,,wa_couleecit,washington,city
Coupeville,1.43,,wa_coupevill,washington,city
Coupeville Ferry,1.43,,wa_coupferry,washington,city
Dayton,1.43,,wa_dayton,washington,city
Deception Pass,1.43,,wa_deception,washington,city
Diablo,1.43,,wa_diablo,washington,city
Discovery Bay,1.43,,wa_discobay,washington,city
Ellensburg,1.43,,wa_ellensbur,washington,city
Everett,1.43,,wa_everett,washington,city
Forks,1.43,,wa_forks,washington,city
Goldendale,1.43,,wa_goldendal,washington,city
Grand Coulee Dam,1.43,,wa_grandcoul,washington,city
Hoquiam,1.43,,wa_hoquiam,washington,city
Kalaloch,1.43,,wa_kalaloch,washington,city
Kennewick,1.43,,wa_kennewick,washington,city
Longview,1.43,,wa_longview,washington,city
Moses Lake,1.43,,wa_moseslake,washington,city
Naches,1.43,,wa_naches,washington,city
Newhalem,1.43,,wa_newhalem,washington,city
Okanogan,1.43,,wa_okanogan,washington,city
Olympia,1.43,,wa_olympia,washington,city
Omak,1.43,,wa_omak,washington,city
Orondo,1.43,,wa_orondo,washington,city
Port Townsend,1.43,,wa_porttowns,washington,city
Potlatch,1.43,,wa_potlatch,washington,city
Port Angeles,1.43,,wa_ptangeles,washington,city
Ritzville,1.43,,wa_ritzville wa_ritzvill2,washington,city
Seattle,1.43,,wa_seattle,washington,city
Snoqualmie Pass,1.43,,wa_snoquales wa_snoqualwe,washington,city
Spokane,1.43,,wa_spokane,washington,city
Stevens Pass,1.43,,wa_stevenspa,washington,city
Tacoma,1.43,,wa_tacoma,washington,city
Tonasket,1.43,,wa_tonasket,washington,city
Union Gap,1.43,,wa_uniongap,washington,city
Vancouver,1.43,,wa_vancouver,washington,city
Waitsburg,1.43,,wa_waitsburg,washington,city
Wallula Junction,1.43,,wa_wallula,washington,city
Wenatchee,1.43,,wa_wenatchee,washington,city
White Pass,1.43,,wa_whitepass,washington,city
Yakima,1.43,,wa_yakima,washington,city

I-5 @ US-12,1.43,,wa_i5xus12,washington,junction
I-90 @ US-395,1.43,,wa_i90eus395 wa_i90wus395,washington,junction
US-2 @ US-97,1.43,,wa_us2xus97,washington,junction
US-12 @ SR 127,1.43,,wa_us12wa127,washington,junction
US-97 @ SR 14,1.43,,wa_us97wa14e wa_us97wa14w,washington,junction
US-101 @ SR 8,1.43,,wa_us101xwa8,washington,junction
US-395 @ SR 20,1.43,,wa_us395wa20,washington,junction

# WYOMING ----------------------------------------------------------------------------------------
Alpine,1.43,,wy_alpine,wyoming,city
Alpine Junction,1.43,,wy_alpinejct,wyoming,city
Baggs,1.43,,wy_baggs,wyoming,city
Bill,1.43,,wy_bill,wyoming,city
Buffalo,1.43,,wy_buffalo,wyoming,city
Casper,1.43,,wy_casper,wyoming,city
Cheyenne,1.43,,wy_cheyenne,wyoming,city
Cody,1.45,,wy_cody,wyoming,city
Creston Junction,1.43,,wy_crestonjc,wyoming,city
Daniel Junction,1.43,,wy_danieljct,wyoming,city
Douglas,1.43,,wy_douglas,wyoming,city
Evanston,1.43,,wy_evanst,wyoming,city
Farson,1.43,,wy_farson,wyoming,city
Frannie,1.44,,wy_frannie,wyoming,city
Gillette,1.43,,wy_gillette,wyoming,city
Greybull,1.43,,wy_greybull,wyoming,city
Hiland,1.43,,wy_hiland,wyoming,city
Hoback Junction,1.43,,wy_hoback,wyoming,city
Jackson,1.43,,wy_jackson,wyoming,city
Kaycee,1.43,,wy_kaycee,wyoming,city
Kemmerer,1.43,,wy_kemmerer,wyoming,city
Lake Junction,1.45,,wy_lakejct,wyoming,city
Lander,1.43,,wy_lander,wyoming,city
Laramie,1.43,,wy_laramie,wyoming,city
Little America,1.43,,wy_litmerica,wyoming,city
Lovell,1.44,,wy_lovell,wyoming,city
Lusk,1.50,0.96,wy_lus,wyoming,city
Medicine Bow,1.43,,wy_medicine,wyoming,city
Moorcroft,1.44,,wy_moorcroft,wyoming,city
Moran Junction,1.43,,wy_moranjct,wyoming,city
Muddy Gap Junction,1.43,,wy_muddygap,wyoming,city
Orin,1.50,0.98,wy_orin,wyoming,city
Powder River,1.43,,wy_powderriv,wyoming,city
Rawlins,1.43,,wy_rawlins,wyoming,city
Reliance,1.43,,wy_reliance,wyoming,city
Riverton,1.43,,wy_riverton,wyoming,city
Rock River,1.43,,wy_rockriver,wyoming,city
Rock Springs,1.43,,wy_rocksp,wyoming,city
Sheridan,1.43,,wy_sheridan,wyoming,city
Shoshoni,1.43,,wy_shoshoni,wyoming,city
Teton,1.43,,wy_tetonsth,wyoming,city
Thermopolis,1.43,,wy_thermo,wyoming,city
Wheatland,1.43,,wy_wheatland,wyoming,city
Wright,1.43,,wy_wright,wyoming,city
Yellowstone,1.43,,wy_yellowsth wy_yellowu14,wyoming,city

I-25,1.47,,cowysli25,wyoming,border
I-80,1.50,0.78,ne_wy_i80_sl,wyoming,border
US-20,1.50,0.78,newy_us20_sl,wyoming,border
US-26,1.50,0.78,newyus26sl,wyoming,border
US-26,1.43,,id_wy_sl_26,wyoming,border
US-212,1.59,0.317,sdmt_sl212,wyoming,border
CO-13 @ WY-789,1.43,,cowysl789,wyoming,border
MT-59 @ WY-59,1.44,,mtwy_sl59,wyoming,border

I-25 @ I-80,1.43,,wy_i25xi80,wyoming,junction
I-25 @ US-26,1.50,0.92,wy_i25x26,wyoming,junction
I-90 @ US-14,1.43,,wy_i90xus14,wyoming,junction
US-14 @ US-14A,1.43,,wy_us14xalt,wyoming,junction
US-14 @ US-310,1.45,,wy_us14us310,wyoming,junction
US-18 @ US-85,1.60,0.71,wy_us18xus85,wyoming,junction
US-26 @ US-287,1.43,,wy_us26x287,wyoming,junction
WYO 220 @ WYO 487,1.43,,wy_220x487,wyoming,junction

# ALBANIA ----------------------------------------------------------------------------------------
Durrës,1.47,,al_durres,albania,city
Elbasan,1.48,5.00,al_elbasan,albania,city
Fier,1.47,,al_fier,albania,city
Tirana,1.47,,al_tirana,albania,city
Vlorë,1.47,,al_vlore,albania,city

# AUSTRIA ----------------------------------------------------------------------------------------
Amstetten,1.44,,at_amstetten,austria,city
Bregenz,1.43,,at_bregenz,austria,city
Brenner,1.43,,at_brenner,austria,city
Freistadt,1.44,,at_freistadt,austria,city
Graz,1.43,,at_graz,austria,city
Innsbruck,1.43,,at_innsbruck,austria,city
Klagenfurt,1.43,,at_klagenf,austria,city
Langen,1.43,,at_langen,austria,city
Leoben,1.43,,at_leoben,austria,city
Linz,1.43,,at_linz,austria,city
Salzburg,1.43,,at_salzburg,austria,city
St. Anton,1.43,,at_stanton,austria,city
St. Michael,1.44,,at_stmichael,austria,city
Vienna,1.43,,at_wien,austria,city
Villach,1.43,,at_villach,austria,city
Wiener Neustadt,1.44,,at_wneustadt,austria,city

# BELGIUM ----------------------------------------------------------------------------------------
Aalst,1.58,0.314,be_aalst,belgium,city
Antwerp,1.44,,be_antwerpen,belgium,city
Arlon,1.57,0.47,be_arlon,belgium,city
Bruges,1.57,0.47,be_brugge,belgium,city
Brussels,1.43,,be_brussel,belgium,city
Charleroi,1.58,0.314,be_charleroi,belgium,city
Ghent,1.57,0.47,be_gent,belgium,city
Kortrijk,1.57,0.47,be_kortrijk,belgium,city
Leuven,1.58,0.314,be_leuven,belgium,city
Liège,1.43,,be_liege,belgium,city
Mechelen,1.58,0.314,be_mechelen,belgium,city
Mons,1.57,0.47,be_mons,belgium,city
Namur,1.57,0.47,be_namur,belgium,city
Ostend,1.57,0.47,be_oostende,belgium,city
Turnhout,1.58,0.314,be_turnhout,belgium,city
Verviers,1.58,0.314,be_verviers,belgium,city

# BOSNIA & HERZEGOVINA ----------------------------------------------------------------------------------------
Banja Luka,1.47,,ba_banjaluka,bosnia,city
Bihać,1.47,,ba_bihac,bosnia,city
Doboj,1.48,0.24,ba_doboj,bosnia,city
Jajce,1.48,5.00,ba_jajce,bosnia,city
Mostar,1.47,,ba_mostar,bosnia,city
Sarajevo,1.47,,ba_sarajevo,bosnia,city
Tuzla,1.47,,ba_tuzla,bosnia,city
Zenica,1.47,,ba_zenica,bosnia,city

# BULGARIA ----------------------------------------------------------------------------------------
Burgas,1.43,,bg_burgas,bulgaria,city
Karlovo,1.43,,bg_karlovo,bulgaria,city
Kozloduy,1.43,,bg_kozloduy,bulgaria,city
Montana,1.43,,bg_montana,bulgaria,city
Pernik,1.43,,bg_pernik,bulgaria,city
Pirdop,1.43,,bg_pirdop,bulgaria,city
Pleven,1.43,,bg_pleven,bulgaria,city
Plovdiv,1.43,,bg_plovdiv,bulgaria,city
Ruse,1.43,,bg_ruse,bulgaria,city
Sofia,1.43,,bg_sofia,bulgaria,city
Varna,1.43,,bg_varna,bulgaria,city
Veliko Tarnovo,1.43,,bg_velitar,bulgaria,city
Vidin,1.43,,bg_vidin,bulgaria,city

# CROATIA ----------------------------------------------------------------------------------------
Bajakovo,1.48,5.00,hr_bajakovo,croatia,city
Dubrovnik,1.49,,dubrovnik,croatia,city
Goričan,1.49,,gorican,croatia,city
Okučani,1.49,,okucani,croatia,city
Osijek,1.47,,hr_osijek,croatia,city
Plitvička Jezera,1.48,5.00,hr_plitvice,croatia,city
Rijeka,1.47,,hr_rijeka,croatia,city
Senj,1.49,,senj,croatia,city
Split,1.47,,hr_split,croatia,city
Zadar,1.47,,hr_zadar,croatia,city
Zagreb,1.47,,hr_zagreb z_istok,croatia,city

# CZECHIA ----------------------------------------------------------------------------------------
Brno,1.43,,cz_brno,czechia,city
České Budějovice,1.44,,cz_cbudejovi,czechia,city
Hradec Králové,1.44,,cz_hrkralove,czechia,city
Jihlava,1.44,,cz_jihlava,czechia,city
Mladá Boleslav,1.44,,cz_mlboleslv,czechia,city
Olomouc,1.44,,cz_olomouc,czechia,city
Ostrava,1.43,,cz_ostrava,czechia,city
Plzeň,1.44,,cz_plzen,czechia,city
Prague,1.43,,cz_praha,czechia,city
Rozvadov,1.44,,cz_rozvadov,czechia,city
Svitavy,1.44,,cz_svitavy,czechia,city

# DENMARK ----------------------------------------------------------------------------------------
Aalborg,1.43,,dk_aalborg,denmark,city
Aarhus,1.44,,dk_aarhus,denmark,city
Copenhagen,1.43,,dk_kobenhavn,denmark,city
Esbjerg,1.43,,dk_esbjerg,denmark,city
Eskilstrup,1.44,,dk_eskilstrp,denmark,city
Frederikshavn,1.43,,dk_frederiks,denmark,city
Gedser,1.43,,dk_gedser,denmark,city
Halsskov,1.57,0.47,dk_halsskov,denmark,city
Hirtshals,1.43,,dk_hirtshals,denmark,city
Kolding,1.43,,dk_kolding,denmark,city
Køge,1.44,,dk_koge,denmark,city
Odense,1.43,,dk_odense,denmark,city
Randers,1.44,,dk_randers,denmark,city
Rødby,1.43,,dk_rodby,denmark,city
Svenstrup,1.44,,dk_svenstrup,denmark,city
Vendsyssel,1.44,,dk_vendsyssl,denmark,city

# ESTONIA ----------------------------------------------------------------------------------------
Kunda,1.43,,ee_kunda,estonia,city
Narva,1.43,,ee_narva,estonia,city
Paldiski,1.43,,ee_paldiski,estonia,city
Pärnu,1.43,,ee_parnu,estonia,city
Tallinn,1.43,,ee_tallinn,estonia,city
Tartu,1.43,,ee_tartu,estonia,city
Valga,1.43,,ee_valga,estonia,city

# FINLAND ----------------------------------------------------------------------------------------
Helsinki,1.43,,fi_helsinki,finland,city
Ivalo,1.56,0.57,fi_ivalo,finland,city
Joensuu,1.56,0.57,fi_joensuu,finland,city
Jyväskylä,1.56,0.57,fi_jyvaskyla,finland,city
Kaaresuvanto,1.56,0.57,fi_kaaresuva,finland,city
Kajaani,1.56,0.57,fi_kajaani,finland,city
Kilpisjärvi,1.56,0.57,fi_kilpisjar,finland,city
Kokkola,1.56,0.57,fi_kokkola,finland,city
Kolari,1.56,0.57,fi_kolari,finland,city
Kotka,1.43,,fi_kotka,finland,city
Kouvola,1.43,,fi_kouvola,finland,city
Kuopio,1.56,0.57,fi_kuopio,finland,city
Kuusamo,1.56,0.57,fi_kuusamo,finland,city
Lahti,1.43,,fi_lahti,finland,city
Lappeenranta,1.56,0.57,fi_lappeenra,finland,city
Loviisa,1.43,,fi_loviisa,finland,city
Mikkeli,1.56,0.57,fi_mikkeli,finland,city
Naantali,1.43,,fi_naantali,finland,city
Olkiluoto,1.43,,fi_olkiluoto,finland,city
Oulu,1.56,0.57,fi_oulu,finland,city
Pello,1.56,0.57,fi_pello,finland,city
Pori,1.43,,fi_pori,finland,city
Rovaniemi,1.56,0.57,fi_rovaniemi,finland,city
Sodankylä,1.56,0.57,fi_sodankyla,finland,city
Tampere,1.43,,fi_tampere,finland,city
Tornio,1.56,0.57,fi_tornio,finland,city
Turku,1.43,,fi_turku,finland,city
Vaasa,1.56,0.57,fi_vaasa,finland,city
Viitasaari,1.56,0.57,fi_viitasaar,finland,city

# FRANCE ----------------------------------------------------------------------------------------
Ajaccio,1.43,,fr_ajaccio,france,city
Amiens,1.43,,fr_amiens,france,city
Angers,1.43,,fr_angers,france,city
Auxerre,1.44,,fr_auxerre,france,city
Avignon,1.44,,fr_avignon,france,city
Bastia,1.43,,fr_bastia,france,city
Bayonne,1.43,,fr_bayonne,france,city
Bonifacio,1.43,,fr_bonifacio,france,city
Bordeaux,1.43,,fr_bordeaux,france,city
Bourges,1.43,,fr_bourges,france,city
Brest,1.43,,fr_brest,france,city
Caen,1.44,,fr_caen,france,city
Calais,1.43,,fr_calais,france,city
Calvi,1.43,,fr_calvi,france,city
Chambéry,1.44,,fr_chambery,france,city
Chamonix,1.47,,fr_chamonix,france,city
Châteauroux,1.44,,fr_chateaurx,france,city
Civaux,1.43,,fr_civaux,france,city
Clermont-Ferrand,1.43,,fr_clermont,france,city
Dijon,1.43,,fr_dijon,france,city
Dunkirk,1.58,0.314,fr_dunkerque,france,city
Gap,1.43,,fr_gap,france,city
Golfech,1.43,,fr_golfech,france,city
Lacq,1.43,,fr_lacq,france,city
La Rochelle,1.43,,fr_larochell,france,city
Le Havre,1.43,,fr_lehavre,france,city
Le Mans,1.43,,fr_lemans,france,city
L'Île-Rousse,1.43,,fr_lilerous,france,city
Lille,1.43,,fr_lille,france,city
Limoges,1.43,,fr_limoges,france,city
Lyon,1.43,,fr_lyon,france,city
Marseille,1.43,,fr_marseille,france,city
Metz,1.43,,fr_metz,france,city
Montpellier,1.43,,fr_montpelli,france,city
Nancy,1.44,,fr_nancy,france,city
Nantes,1.43,,fr_nantes,france,city
Narbonne,1.43,,fr_narbonne,france,city
Nice,1.43,,fr_nice,france,city
Niort,1.43,,fr_niort,france,city
Orléans,1.43,,fr_orleans,france,city
Paluel,1.43,,fr_paluel,france,city
Paris,1.43,,fr_paris,france,city
Pau,1.43,,fr_pau,france,city
Poitiers,1.43,,fr_poitiers,france,city
Porto-Vecchio,1.43,,fr_portovecc,france,city
Reims,1.43,,fr_reims,france,city
Rennes,1.43,,fr_rennes,france,city
Roscoff,1.43,,fr_roscoff,france,city
Rouen,1.44,,fr_rouen,france,city
Saint-Alban-du-Rhône,1.43,,fr_alban,france,city
Saint-Laurent,1.43,,fr_laurent,france,city
Saint-Quentin,1.43,,fr_stquentin,france,city
Strasbourg,1.44,,fr_strasbour,france,city
Toulouse,1.43,,fr_toulouse,france,city
Tours,1.43,,fr_tours,france,city

# GERMANY ----------------------------------------------------------------------------------------
Aachen,1.58,0.314,de_aachen,germany,city
Augsburg,1.44,,de_augsburg,germany,city
Bayreuth,1.44,,de_bayreuth,germany,city
Berlin,1.43,,de_berlin,germany,city
Bielefeld,1.44,,de_bielefeld,germany,city
Braunschweig,1.44,,de_braunswg,germany,city
Bremen,1.43,,de_bremen,germany,city
Bremerhaven,1.53,0.22,de_bremerhav,germany,city
Chemnitz,1.44,,de_chemnitz,germany,city
Cologne,1.43,,de_koln,germany,city
Cottbus,1.44,,de_cottbus,germany,city
Dortmund,1.43,,de_dortmund,germany,city
Dresden,1.43,,de_dresden,germany,city
Duisburg,1.43,,de_duisburg,germany,city
Düsseldorf,1.43,,de_dusseld,germany,city
Erfurt,1.43,,de_erfurt,germany,city
Flensburg,1.44,,de_flensburg,germany,city
Frankfurt am Main,1.43,,de_frankfurt,germany,city
Frankfurt an der Oder,1.44,,de_ffurtoder,germany,city
Giessen,1.44,,de_giessen,germany,city
Göttingen,1.44,,de_gottingen,germany,city
Hamburg,1.43,,de_hamburg,germany,city
Hanover,1.43,,de_hannover,germany,city
Heilbronn,1.44,,de_heilbronn,germany,city
Ingolstadt,1.44,,de_ingolstad,germany,city
Jena,1.44,,de_jena,germany,city
Karlsruhe,1.44,,de_karlsruhe,germany,city
Kassel,1.43,,de_kassel,germany,city
Kiel,1.43,,de_kiel,germany,city
Leipzig,1.43,,de_leipzig,germany,city
Lübeck,1.43,,de_lubeck,germany,city
Magdeburg,1.43,,de_magdeburg,germany,city
Mannheim,1.43,,de_mannheim,germany,city
Memmingen,1.44,,de_memmingen,germany,city
Munich,1.43,,de_munchen,germany,city
Nuremberg,1.43,,de_nurnberg,germany,city
Oberhausen,1.57,0.47,de_oberhause,germany,city
Oldenburg,1.44,,de_oldenburg,germany,city
Osnabrück,1.43,,de_osnabruck,germany,city
Passau,1.44,,de_passau,germany,city
Potsdam,1.44,,de_potsdam,germany,city
Puttgarden,1.44,,de_puttgardn,germany,city
Regensburg,1.44,,de_regensbrg,germany,city
Rostock,1.43,,de_rostock,germany,city
Rothenburg,1.44,,de_rothenbrg,germany,city
Rottweil,1.44,,de_rottweil,germany,city
Sangerhausen,1.44,,de_sangerhau,germany,city
Schwerin,1.44,,de_schwerin,germany,city
Siegen,1.44,,de_siegen,germany,city
Stuttgart,1.43,,de_stuttgart,germany,city
Ulm,1.44,,de_ulm,germany,city
Würzburg,1.44,,de_wurzburg,germany,city

# GREECE ----------------------------------------------------------------------------------------
Agrinio,1.53,0.22,gr_agrinio,greece,city
Athens,1.53,0.22,gr_athens,greece,city
Chania,1.53,0.22,gr_chania,greece,city
Chios,1.53,0.22,gr_chios,greece,city
Corinth,1.53,0.22,gr_korinth,greece,city
Evzonoi,1.53,0.42,gr_evzoni,greece,city
Heraklion,1.53,0.22,gr_heraklion,greece,city
Igoumenitsa,1.53,0.22,gr_igoumeni,greece,city
Ioannina,1.53,0.22,gr_ioannina,greece,city
Kalamata,1.53,0.22,gr_kalamata,greece,city
Karditsa,1.53,0.22,gr_karditsa,greece,city
Kavala,1.53,0.42,gr_kavala,greece,city
Komotini,1.53,0.42,gr_komotini,greece,city
Kozani,1.53,0.22,gr_kozani,greece,city
Lamia,1.53,0.22,gr_lamia,greece,city
Larissa,1.53,0.22,gr_larisa,greece,city
Mytilini,1.53,0.22,gr_mitilini,greece,city
Patras,1.53,0.22,gr_patras,greece,city
Pyrgos,1.53,0.22,gr_pyrgos,greece,city
Rodos,1.53,0.22,gr_rhodes,greece,city
Rio,1.53,0.22,gr_rio,greece,city
Serres,1.53,0.22,gr_serres,greece,city
Thermopiles,1.53,0.42,gr_thermo,greece,city
Thessaloniki,1.53,0.22,gr_thessalo,greece,city
Trikala,1.53,0.22,gr_trikala,greece,city
Tripoli,1.53,0.22,gr_tripoli,greece,city
Volos,1.53,0.22,gr_volos,greece,city

Kipi & Ipsala,1.53,0.22,gr_border_k,greece,border

# HUNGARY ----------------------------------------------------------------------------------------
Budapest,1.43,,hu_budapest,hungary,city
Debrecen,1.43,,hu_debrecen,hungary,city
Dunaújváros,1.43,,hu_dunauj,hungary,city
Kecskemét,1.43,,hu_kecskemet,hungary,city
Pécs,1.43,,hu_pecs,hungary,city
Szeged,1.43,,hu_szeged,hungary,city

# ITALY ----------------------------------------------------------------------------------------
Ancona,1.43,,it_ancona,italy,city
Aosta,1.47,,it_aosta,italy,city
Bari,1.43,,it_bari,italy,city
Bologna,1.43,,it_bologna,italy,city
Cagliari,1.43,,it_cagliari,italy,city
Cassino,1.43,,it_cassino,italy,city
Catania,1.43,,it_catania,italy,city
Catanzaro,1.43,,it_catanzaro,italy,city
Ferrara,1.43,,it_ferrara,italy,city
Florence,1.43,,it_firenze,italy,city
Genoa,1.43,,it_genova,italy,city
Grosseto,1.43,,it_grosseto,italy,city
Livorno,1.43,,it_livorno,italy,city
Messina,1.43,,it_messina,italy,city
Milan,1.43,,it_milano,italy,city
Naples,1.43,,it_napoli,italy,city
Olbia,1.43,,it_olbia,italy,city
Palermo,1.43,,it_palermo,italy,city
Parma,1.43,,it_parma,italy,city
Pescara,1.43,,it_pescara,italy,city
Rome,1.43,,it_roma,italy,city
Sassari,1.43,,it_sassari,italy,city
Suzzara,1.43,,it_suzzara,italy,city
Taranto,1.43,,it_taranto,italy,city
Terni,1.43,,it_terni,italy,city
Turin,1.43,,it_torino,italy,city
Trieste,1.44,,it_trieste,italy,city
Venice,1.43,,it_venezia,italy,city
Verona,1.43,,it_verona,italy,city
Villa San Giovanni,1.43,,it_sangiovan,italy,city

# KOSOVO ----------------------------------------------------------------------------------------
Pristina,1.47,,xk_pristina,kosovo,city

# LATVIA ----------------------------------------------------------------------------------------
Liepāja,1.43,,lt_liepaja,latvia,city
Daugavpils,1.43,,lv_daugavpil,latvia,city
Rēzekne,1.43,,lv_rezekne,latvia,city
Riga,1.43,,lv_riga,latvia,city
Skrunda,1.46,,lv_skrunda,latvia,city
Valka,1.43,,lv_valka,latvia,city
Valmiera,1.43,,lv_valmiera,latvia,city
Ventspils,1.43,,lv_ventspils,latvia,city

# LITHUANIA ----------------------------------------------------------------------------------------
Kaunas,1.43,,lt_kaunas,lithuania,city
Klaipėda,1.43,,lt_klaipeda,lithuania,city
Kybartai,1.43,,lt_kybartai,lithuania,city
Marijampolė,1.43,,lt_marijam,lithuania,city
Mažeikiai,1.43,,lt_mazeikiai,lithuania,city
Panevėžys,1.43,,lt_panevezys,lithuania,city
Šiauliai,1.43,,lt_siauliai,lithuania,city
Ukmergė,1.43,,lt_ukmerge,lithuania,city
Utena,1.43,,lt_utena,lithuania,city
Vilnius,1.43,,lt_vilnius,lithuania,city

# LUXEMBOURG ----------------------------------------------------------------------------------------
Luxembourg,1.43,,lu_luxembour,luxembourg,city

# MONTENEGRO ----------------------------------------------------------------------------------------
Bijelo Polje,1.47,,me_bilejopol,montenegro,city
Nikšić,1.47,,me_niksic,montenegro,city
Podgorica,1.47,,me_podgorica,montenegro,city

# THE NETHERLANDS ----------------------------------------------------------------------------------------
Alkmaar,1.58,0.314,nl_alkmaar,netherlands,city
Amersfoort,1.58,0.314,nl_amersfoor,netherlands,city
Amsterdam,1.43,,nl_amsterdam,netherlands,city
Apeldoorn,1.44,,nl_apeldoorn,netherlands,city
Arnhem,1.57,0.47,nl_arnhem,netherlands,city
Assen,1.57,0.47,nl_assen,netherlands,city
Breda,1.57,0.47,nl_breda,netherlands,city
Deventer,1.57,0.47,nl_deventer,netherlands,city
Eindhoven,1.57,0.47,nl_eindhoven,netherlands,city
Groningen,1.43,,nl_groningen,netherlands,city
Haarlem,1.58,0.314,nl_haarlem,netherlands,city
The Hague,1.58,0.314,nl_denhaag,netherlands,city
Den Helder,1.57,0.47,nl_denhelder,netherlands,city
Hengelo,1.44,,nl_hengelo,netherlands,city
's-Hertogenbosch,1.57,0.47,nl_denbosch,netherlands,city
IJmuiden,1.58,0.314,nl_ijmuiden,netherlands,city
Leeuwarden,1.44,,nl_leeuwardn,netherlands,city
Maastricht,1.57,0.47,nl_maastrich,netherlands,city
Middelburg,1.57,0.47,nl_middelbur,netherlands,city
Nijmegen,1.57,0.47,nl_nijmegen,netherlands,city
Rotterdam,1.43,,nl_rotterdam,netherlands,city
Utrecht,1.57,0.47,nl_utrecht,netherlands,city
Venlo,1.44,,nl_venlo,netherlands,city
Zwolle,1.57,0.47,nl_zwolle,netherlands,city

# NORTH MACEDONIA ----------------------------------------------------------------------------------------
Bitola,1.47,,mk_bitola,northmacedonia,city
Ohrid,1.48,0.24,mk_ohrid,northmacedonia,city
Prilep,1.48,0.24,mk_prilep,northmacedonia,city
Skopje,1.47,,mk_skopje,northmacedonia,city

# NORWAY ----------------------------------------------------------------------------------------
Alta,1.56,0.57,no_alta,norway,city
Andenes,1.56,0.57,no_andenes,norway,city
Askim,1.44,,no_askim,norway,city
Bergen,1.43,,no_bergen,norway,city
Bjerkvik,1.56,0.57,no_bjerkvik,norway,city
Bodø,1.56,0.57,no_bodo,norway,city
Bud,1.56,0.57,no_bud,norway,city
Dombås,1.56,0.57,no_dombas,norway,city
Drammen,1.43,,no_drammen,norway,city
Elverum,1.56,0.57,no_elverum,norway,city
Fagernes,1.56,0.57,no_fagernes,norway,city
Fauske,1.56,0.57,no_fauske,norway,city
Geilo,1.44,,no_geilo,norway,city
Gjøvik,1.56,0.57,no_gjovik,norway,city
Gol,1.56,0.57,no_gol,norway,city
Grong,1.56,0.57,no_grong,norway,city
Hamar,1.56,0.57,no_hamar,norway,city
Haugesund,1.44,,no_haugesund,norway,city
Honningsvåg,1.56,0.57,no_honningsv,norway,city
Karasjok,1.56,0.57,no_karasjok,norway,city
Knarvik,1.56,0.57,no_knarvik,norway,city
Kongsvinger,1.56,0.57,no_kongsving,norway,city
Kristiansund,1.56,0.57,no_krissund,norway,city
Kristiansand,1.43,,no_kristians,norway,city
Larvik,1.43,,no_larvik,norway,city
Leira,1.56,0.57,no_leira,norway,city
Lillehammer,1.56,0.57,no_lillehamm,norway,city
Mo i Rana,1.56,0.57,no_moirana,norway,city
Namsskogan,1.56,0.57,no_namsskoga,norway,city
Narvik,1.56,0.57,no_narvik,norway,city
Nordkapp,1.56,0.57,no_nordkapp,norway,city
Nordkjosbotn,1.56,0.57,no_nordkjosb,norway,city
Olderfjord,1.56,0.57,no_olderfjor,norway,city
Oslo,1.43,,no_oslo,norway,city
Røldal,1.44,,no_roldal,norway,city
Setermoen,1.56,0.57,no_setermoen,norway,city
Skibotn,1.56,0.57,no_skibotn,norway,city
Sortland,1.56,0.57,no_sortland,norway,city
Stavanger,1.43,,no_stavanger,norway,city
Steinkjer,1.56,0.57,no_steinkjer,norway,city
Støren,1.56,0.57,no_storen,norway,city
Storslett,1.56,0.57,no_storslett,norway,city
Svolvær,1.56,0.57,no_svolvaer,norway,city
Tromsø,1.56,0.57,no_tromso,norway,city
Trondheim,1.56,0.57,no_trondheim,norway,city
Trysil,1.56,0.57,no_trysil,norway,city
Ulvsvåg,1.56,0.57,no_ulvsvag,norway,city
Å i Lofoten,1.56,0.57,no_ailofoten,norway,city
Ålesund,1.56,0.57,no_alesund,norway,city

E10,1.56,0.57,no_bordere10,norway,border

# POLAND ----------------------------------------------------------------------------------------
Barwinek,1.43,,pl_barwinek,poland,city
Bezledy,1.43,,pl_bezledy,poland,city
Białystok,1.43,,pl_bialystok,poland,city
Budzisko,1.43,,pl_budzisko,poland,city
Bydgoszcz,1.44,,pl_bydgoszcz,poland,city
Chyżne,1.43,,pl_chyzne,poland,city
Cieszyn,1.43,,pl_cieszyn,poland,city
Gdańsk,1.43,,pl_gdansk,poland,city
Gdynia,1.43,,pl_gdynia,poland,city
Gorzyczki,1.43,,pl_gorzyczki,poland,city
Grzechotki,1.43,,pl_grzechotk,poland,city
Jakuszyce,1.43,,pl_jakuszyce,poland,city
Jędrzychów,1.43,,pl_jedrzycho,poland,city
Katowice,1.43,,pl_katowice,poland,city
Kołbaskowo,1.43,,pl_kolbaskow,poland,city
Korczowa,1.44,,pl_korczowa,poland,city
Kraków,1.43,,pl_krakow,poland,city
Kudowa-Słone,1.43,,pl_kudowa,poland,city
Łódź,1.43,,pl_lodz,poland,city
Lubawka,1.43,,pl_lubawka,poland,city
Lublin,1.43,,pl_lublin,poland,city
Ogrodniki,1.43,,pl_ogrodniki,poland,city
Olsztyn,1.43,,pl_olsztyn,poland,city
Piła,1.44,,pl_pila,poland,city
Poznań,1.43,,pl_poznan,poland,city
Rzeszów,1.44,,pl_rzeszow,poland,city
Świecko,1.43,,pl_swiecko,poland,city
Szczecin,1.43,,pl_szczecin,poland,city
Warsaw,1.43,,pl_warszawa,poland,city
Wrocław,1.43,,pl_wroclaw,poland,city

# PORTUGAL ----------------------------------------------------------------------------------------
Beja,1.43,,pt_beja,portugal,city
Coimbra,1.43,,pt_coimbra,portugal,city
Cortiçadas de Lavre,1.43,,pt_corticad,portugal,city
Evora,1.43,,pt_evora,portugal,city
Faro,1.43,,pt_faro,portugal,city
Guarda,1.43,,pt_guarda,portugal,city
Lisbon,1.43,,pt_lisboa,portugal,city
Olhão,1.43,,pt_olhao,portugal,city
Ponte de Sor,1.43,,pt_pontedes,portugal,city
Porto,1.43,,pt_porto,portugal,city
Setúbal,1.43,,pt_setubal,portugal,city
Sines,1.43,,pt_sines,portugal,city

A3,1.44,,pt_border_a3,portugal,border
A6,1.44,,pt_border_a6,portugal,border
A22,1.44,,pt_border_22,portugal,border
A24,1.44,,pt_border_24,portugal,border
A25,1.44,,pt_border_25,portugal,border
A-62,1.51,0.39,es_bord_a62,portugal,border
AP-9,1.44,,es_border_a9,portugal,border
IP8,1.44,,pt_border_p8,portugal,border

# ROMANIA ----------------------------------------------------------------------------------------
Bacău,1.43,,ro_bacau,romania,city
Brăila,1.43,,ro_braila,romania,city
Brașov,1.43,,ro_brasov,romania,city
Bucharest,1.43,,ro_bucuresti,romania,city
Buzău,1.43,,ro_buzau,romania,city
Calafat,1.43,,ro_calafat,romania,city
Călărași,1.43,,ro_calarasi,romania,city
Cernavodă,1.43,,ro_cernavoda,romania,city
Cluj-Napoca,1.44,,ro_cluj,romania,city
Constanța,1.43,,ro_constanta,romania,city
Craiova,1.43,,ro_craiova,romania,city
Galați,1.43,,ro_galati,romania,city
Giurgiu,1.44,,ro_giurgiu,romania,city
Hunedoara,1.43,,ro_hunedoara,romania,city
Iași,1.43,,ro_iasi,romania,city
Mangalia,1.43,,ro_mangalia,romania,city
Nădlac,1.43,,ro_nadlac,romania,city
Orșova,1.43,,ro_orsova,romania,city
Pitești,1.43,,ro_pitesti,romania,city
Reșița,1.43,,ro_resita,romania,city
Târgu Mureș,1.43,,ro_targumur,romania,city
Timișoara,1.43,,ro_timisoara,romania,city

# RUSSIA ----------------------------------------------------------------------------------------
Arzamas,1.43,,ru_arzamas,russia,city
Bryansk,1.43,,ru_bryansk,russia,city
Cherepovets,1.43,,ru_cherepove,russia,city
Dzerzhinsk,1.43,,ru_dzerzhins,russia,city
Ivanovo,1.43,,ru_ivanovo,russia,city
Kaliningrad,1.43,,ru_kaliningr,russia,city
Kaluga,1.43,,ru_kaluga,russia,city
Kirishi,1.43,,ru_kirishi,russia,city
Kolomna,1.43,,ru_kolomna,russia,city
Kostroma,1.43,,ru_kostroma,russia,city
Kovrov,1.43,,ru_kovrov,russia,city
Krasnoslobodsk,1.43,,ru_krasnoslo,russia,city
Lodeynoye Pole,1.43,,ru_lodeynoye,russia,city
Luga,1.43,,ru_luga,russia,city
Mamonovo,1.43,,ru_mamonovo,russia,city
Moscow,1.43,,ru_moscow,russia,city
Moshok,1.44,,ru_moshok,russia,city
Murom,1.43,,ru_murom,russia,city
Nizhny Novgorod,1.43,,ru_nnovgorod,russia,city
Novomoskovsk,1.43,,ru_novomosko,russia,city
Obninsk,1.43,,ru_obninsk,russia,city
Oryol,1.43,,ru_oryol,russia,city
Ostrov,1.44,,ru_ostrov,russia,city
Petrozavodsk,1.43,,ru_petrozavo,russia,city
Porkhov,1.44,,ru_porkhov,russia,city
Pryazha,1.44,,ru_pryazha,russia,city
Pskov,1.43,,ru_pskov,russia,city
Roslavl,1.44,,ru_roslavl,russia,city
Ryazan,1.43,,ru_ryazan,russia,city
Rybinsk,1.43,,ru_rybinsk,russia,city
Rzhev,1.43,,ru_rzhev,russia,city
Saransk,1.43,,ru_saransk,russia,city
Sasovo,1.43,,ru_sasovo,russia,city
Shatsk,1.44,,ru_shatsk,russia,city
Sheksna,1.44,,ru_sheksna,russia,city
Shimsk,1.43,,ru_shimsk,russia,city
Smolensk,1.43,,ru_smolensk,russia,city
Soltsy,1.44,,ru_soltsy,russia,city
Sosnovy Bor,1.43,,ru_sosnovy,russia,city
Sovetsk,1.43,,ru_sovetsk,russia,city
St. Petersburg,1.43,,ru_petersbur,russia,city
Tikhvin,1.43,,ru_tikhvin,russia,city
Torfyanovka,1.43,,ru_torfyanov,russia,city
Tula,1.43,,ru_tula,russia,city
Tver,1.43,,ru_tver,russia,city
Velizh,1.44,,ru_velizh,russia,city
Vladimir,1.43,,ru_vladimir,russia,city
Velikiye Luki,1.43,,ru_vluki,russia,city
Velikiy Novgorod,1.43,,ru_vnovgorod,russia,city
Volkhov,1.43,,ru_volkhov,russia,city
Vologda,1.43,,ru_vologda,russia,city
Vyshniy Volochyok,1.43,,ru_vvolochyo,russia,city
Vyazma,1.43,,ru_vyazma,russia,city
Vyborg,1.43,,ru_vyborg,russia,city
Vyksa,1.43,,ru_vyksa,russia,city
Yaroslavl,1.43,,ru_yaroslavl,russia,city
Zubtsov,1.43,,ru_zubtsov,russia,city

# SERBIA ----------------------------------------------------------------------------------------
Belgrade,1.47,,rs_belgrade,serbia,city
Kragujevac,1.47,,rs_kragujeva,serbia,city
Niš,1.47,,rs_nis,serbia,city
Novi Sad,1.47,,rs_novisad,serbia,city
Paraćin,1.48,0.24,rs_paracin,serbia,city
Subotica,1.48,0.24,rs_subotica,serbia,city
Vranje,1.47,,rs_vranje,serbia,city

# SLOVAKIA ----------------------------------------------------------------------------------------
Bratislava,1.43,,sk_bratislav,slovakia,city
Banská Bystrica,1.43,,sk_bystrica,slovakia,city
Košice,1.43,,sk_kosice,slovakia,city

# SLOVENIA ----------------------------------------------------------------------------------------
Koper,1.47,,si_koper,slovenia,city
Ljubljana,1.44,,si_ljubljana,slovenia,city
Maribor,1.44,,si_maribor,slovenia,city
Novo Mesto,1.47,,si_novomesto,slovenia,city

# SPAIN ----------------------------------------------------------------------------------------
A Coruña,1.43,,es_acoruna,spain,city
Albacete,1.43,,es_albacete,spain,city
Algeciras,1.43,,es_algeciras,spain,city
Almaraz,1.43,,es_almaraz,spain,city
Almería,1.43,,es_almeria,spain,city
Badajoz,1.43,,es_badajoz,spain,city
Bailén,1.43,,es_bailen,spain,city
Barcelona,1.43,,es_barcelona,spain,city
Benidorm,1.43,,es_benidorm,spain,city
Bilbao,1.43,,es_bilbao,spain,city
Burgos,1.43,,es_burgos,spain,city
Córdoba,1.43,,es_cordoba,spain,city
Ciudad Real,1.43,,es_creal,spain,city
El Ejido,1.43,,es_elejido,spain,city
Gijón,1.43,,es_gijon,spain,city
Granada,1.43,,es_granada,spain,city
Huelva,1.43,,es_huelva,spain,city
Irun,1.44,,es_irun,spain,city
La Jonquera,1.43,,es_jonquera,spain,city
León,1.43,,es_leon,spain,city
Lleida,1.43,,es_lleida,spain,city
Lugo,1.50,0.70,es_lugo,spain,city
Madrid,1.43,,es_madrid,spain,city
Málaga,1.43,,es_malaga,spain,city
Mengíbar,1.43,,es_mengibar,spain,city
Murcia,1.43,,es_murcia,spain,city
Navia,1.43,,es_navia,spain,city
O Barco,1.43,,es_obarco,spain,city
Ourense,1.43,,es_ourense,spain,city
Pamplona,1.43,,es_pamplona,spain,city
Port de Sagunt,1.43,,es_portsag,spain,city
Puertollano,1.43,,es_puertol,spain,city
Salamanca,1.43,,es_salamanca,spain,city
Santander,1.43,,es_santander,spain,city
Seville,1.43,,es_sevilla,spain,city
Soria,1.43,,es_soria,spain,city
Tarragona,1.43,,es_tarragona,spain,city
Teruel,1.43,,es_teruel,spain,city
Tordesillas,1.43,,es_tordesill,spain,city
València,1.43,,es_valencia,spain,city
Valladolid,1.43,,es_vallado,spain,city
Vandellòs,1.43,,es_vandellos,spain,city
Vigo,1.43,,es_vigo,spain,city
Villareal,1.43,,es_villar,spain,city
Zaragoza,1.43,,es_zaragoza,spain,city
A3,1.44,,pt_border_a3,spain,border
A6,1.44,,pt_border_a6,spain,border
A22,1.44,,pt_border_22,spain,border
A24,1.44,,pt_border_24,spain,border
A25,1.44,,pt_border_25,spain,border
A-62,1.51,0.39,es_bord_a62,spain,border
AP-9,1.44,,es_border_a9,spain,border
IP8,1.44,,pt_border_p8,spain,border

# SWEDEN ----------------------------------------------------------------------------------------
Arboga,1.56,0.57,se_arboga,sweden,city
Arjeplog,1.56,0.57,se_arjeplog,sweden,city
Arvidsjaur,1.56,0.57,se_ardvidsja,sweden,city
Borlänge,1.56,0.57,se_borlange,sweden,city
Dorotea,1.56,0.57,se_dorotea,sweden,city
Enköping,1.56,0.57,se_enkoping,sweden,city
Eskilstuna,1.56,0.57,se_eskilstun,sweden,city
Falköping,1.56,0.57,se_falkoping,sweden,city
Falun,1.56,0.57,se_falun,sweden,city
Gällivare,1.56,0.57,se_gallivare,sweden,city
Gävle,1.56,0.57,se_gavle,sweden,city
Gothenburg,1.43,,se_goteborg,sweden,city
Halmstad,1.43,,se_halmstad,sweden,city
Hammerdal,1.56,0.57,se_hammerdal,sweden,city
Härnosand,1.56,0.71,se_harnosand,sweden,city
Helsingborg,1.43,,se_helsingbo,sweden,city
Hudiksvall,1.56,0.57,se_hudiksval,sweden,city
Jokkmokk,1.56,0.57,se_jokkmokkk,sweden,city
Jönköping,1.43,,se_jonkoping,sweden,city
Kåbdalis,1.56,0.57,se_kabdalis,sweden,city
Kalmar,1.43,,se_kalmar,sweden,city
Kapellskär,1.43,,se_kapellska,sweden,city
Karlskrona,1.43,,se_karlskron,sweden,city
Karlstad,1.44,,se_karlstad,sweden,city
Kiruna,1.56,0.57,se_kiruna,sweden,city
Kristianstad,1.44,,se_kriststd,sweden,city
Linköping,1.43,,se_linkoping,sweden,city
Ljungby,1.44,,se_ljungby,sweden,city
Luleå,1.56,0.57,se_lulea,sweden,city
Malmö,1.43,,se_malmo,sweden,city
Malung,1.56,0.57,se_malung,sweden,city
Mariestad,1.56,0.57,se_mariestad,sweden,city
Mora,1.56,0.57,se_mora,sweden,city
Norrköping,1.56,0.57,se_norrkopin,sweden,city
Norrtälje,1.44,,se_norrtalje,sweden,city
Nyköping,1.56,0.57,se_nykoping,sweden,city
Nynäshamn,1.43,,se_nynashamn,sweden,city
Oskarshamn,1.56,0.57,se_oskarsham,sweden,city
Pajala,1.57,0.47,se_pajala,sweden,city
Säffle,1.56,0.57,se_saffle,sweden,city
Sälen,1.57,0.47,se_salen,sweden,city
Skellefteå,1.56,0.57,se_skellefte,sweden,city
Söderhamn,1.56,0.57,se_soderhamn,sweden,city
Södertälje,1.43,,se_sodertalj,sweden,city
Sorsele,1.56,0.57,se_sorsele,sweden,city
Stockholm,1.43,,se_stockholm,sweden,city
Storuman,1.56,0.57,se_storuman,sweden,city
Strängnäs,1.56,0.57,se_strangna2,sweden,city
Strängnäs,1.56,0.57,se_strangnas,sweden,city
Strömstad,1.44,,se_stromstad,sweden,city
Strömsund,1.56,0.57,se_stromsund,sweden,city
Sundsvall,1.44,,se_sundsvall,sweden,city
Sveg,1.56,0.57,se_sveg,sweden,city
Svinesund,1.44,,no_svinesund,sweden,city
Torsby,1.56,0.57,se_torsby,sweden,city
Trelleborg,1.43,,se_trellebor,sweden,city
Uddevalla,1.44,,se_uddevalla,sweden,city
Ulricehamn,1.56,0.57,se_ulriceham,sweden,city
Umeå,1.56,0.57,se_umea,sweden,city
Uppsala,1.43,,se_uppsala,sweden,city
Vara,1.56,0.57,se_vara,sweden,city
Varberg,1.56,0.57,se_varberg,sweden,city
Värnamo,1.56,0.57,se_varnamo,sweden,city
Västerås,1.43,,se_vasteraas,sweden,city
Västervik,1.44,,se_vastervik,sweden,city
Växjö,1.43,,se_vaxjo,sweden,city
Vittangi,1.57,0.47,se_vittangi,sweden,city
Ystad,1.56,0.57,se_ystad,sweden,city
Åre,1.56,0.57,se_are,sweden,city
Åtvidaberg,1.56,0.57,se_atvidaber,sweden,city
Ängelholm,1.56,0.57,se_angelholm,sweden,city
Örebro,1.43,,se_orebro,sweden,city
Örnsköldsvik,1.56,0.57,se_ornskolds,sweden,city
Östersund,1.56,0.57,se_ostersund,sweden,city
Överkalix,1.56,0.57,se_overkalix,sweden,city

E10,1.56,0.57,no_bordere10,sweden,border

# SWITZERLAND ----------------------------------------------------------------------------------------
Basel,1.44,,ch_basel,switzerland,city
Bern,1.43,,ch_bern,switzerland,city
Chur,1.47,,ch_chur,switzerland,city
Geneva,1.43,,ch_geneva,switzerland,city
Gotthard,1.43,,ch_gotthard,switzerland,city
Great St Bernard Pass,1.47,,ch_stbernard,switzerland,city
Lausanne,1.44,,ch_lausanne,switzerland,city
Lucerne,1.44,,ch_luzern,switzerland,city
Lugano,1.44,,ch_lugano,switzerland,city
Martigny,1.47,,ch_martigny,switzerland,city
San Bernardino,1.47,,ch_bernardin,switzerland,city
St. Magarethen,1.47,,ch_magarethe,switzerland,city
Vevey,1.47,,ch_vevey,switzerland,city
Winterthur,1.44,,ch_winterthu,switzerland,city
Zürich,1.43,,ch_zurich,switzerland,city

# TURKEY ----------------------------------------------------------------------------------------
Edirne,1.43,,tr_edirne,turkey,city
Istanbul,1.43,,tr_istanbul,turkey,city
Kapıkule,1.44,,tr_kapikule,turkey,city
Keşan,1.43,,tr_kesan,turkey,city
Tekirdağ,1.43,,tr_tekirdag,turkey,city

Kipi & Ipsala,1.53,0.22,gr_border_k,turkey,border

# THE UNITED KINGDOM ----------------------------------------------------------------------------------------
Aberdeen,1.43,,uk_aberdeen,unitedkingdom,city
Birmingham,1.43,,uk_birming,unitedkingdom,city
Bristol,1.44,,uk_bristol,unitedkingdom,city
Cambridge,1.43,,uk_cambridge,unitedkingdom,city
Cardiff,1.43,,uk_cardiff,unitedkingdom,city
Carlisle,1.43,,uk_carlisle,unitedkingdom,city
Dover,1.43,,uk_dover,unitedkingdom,city
Edinburgh,1.43,,uk_edinburgh,unitedkingdom,city
Felixstowe,1.43,,uk_felixsto,unitedkingdom,city
Glasgow,1.43,,uk_glasgow,unitedkingdom,city
Grimsby,1.43,,uk_grimsby,unitedkingdom,city
Liverpool,1.43,,uk_liverpool,unitedkingdom,city
London,1.43,,uk_london,unitedkingdom,city
Manchester,1.43,,uk_mancheste,unitedkingdom,city
Newcastle,1.43,,uk_newcastle,unitedkingdom,city
Plymouth,1.43,,uk_plymouth,unitedkingdom,city
Sheffield,1.43,,uk_sheffield,unitedkingdom,city
Southampton,1.43,,uk_southampt,unitedkingdom,city
Swansea,1.43,,uk_swansea,unitedkingdom,city